Versicherer,Kanton,Hoheitsgebiet,Geschäftsjahr,Erhebungsjahr,Region,Tarif,Tariftyp,Eingeschränkt,Gemeinden-BFS
8,AG,P_OKPCH,2027,2026,PR_REG_0,01_016,PRAXIS,N,
8,AG,P_OKPCH,2027,2026,PR_REG_0,01_046,PRAXIS,N,
8,AG,P_OKPCH,2027,2026,PR_REG_0,01_131,TEL_DIG,N,
8,AG,P_OKPCH,2027,2026,PR_REG_0,01_170,FLEX,N,
8,AI,P_OKPCH,2027,2026,PR_REG_0,01_016,PRAXIS,N,
8,AI,P_OKPCH,2027,2026,PR_REG_0,01_046,PRAXIS,N,
8,AI,P_OKPCH,2027,2026,PR_REG_0,01_131,TEL_DIG,N,
8,AI,P_OKPCH,2027,2026,PR_REG_0,01_170,FLEX,N,
8,AR,P_OKPCH,2027,2026,PR_REG_0,01_016,PRAXIS,N,
8,AR,P_OKPCH,2027,2026,PR_REG_0,01_046,PRAXIS,N,
8,AR,P_OKPCH,2027,2026,PR_REG_0,01_131,TEL_DIG,N,
8,AR,P_OKPCH,2027,2026,PR_REG_0,01_170,FLEX,N,
8,BE,P_OKPCH,2027,2026,PR_REG_1,01_016,PRAXIS,N,
8,BE,P_OKPCH,2027,2026,PR_REG_1,01_046,PRAXIS,N,
8,BE,P_OKPCH,2027,2026,PR_REG_1,01_131,TEL_DIG,N,
8,BE,P_OKPCH,2027,2026,PR_REG_1,01_170,FLEX,N,
8,BE,P_OKPCH,2027,2026,PR_REG_2,01_016,PRAXIS,N,
8,BE,P_OKPCH,2027,2026,PR_REG_2,01_046,PRAXIS,N,
8,BE,P_OKPCH,2027,2026,PR_REG_2,01_131,TEL_DIG,N,
8,BE,P_OKPCH,2027,2026,PR_REG_2,01_170,FLEX,N,
8,BE,P_OKPCH,2027,2026,PR_REG_3,01_016,PRAXIS,N,
8,BE,P_OKPCH,2027,2026,PR_REG_3,01_046,PRAXIS,N,
8,BE,P_OKPCH,2027,2026,PR_REG_3,01_131,TEL_DIG,N,
8,BE,P_OKPCH,2027,2026,PR_REG_3,01_170,FLEX,N,
8,BL,P_OKPCH,2027,2026,PR_REG_1,01_016,PRAXIS,N,
8,BL,P_OKPCH,2027,2026,PR_REG_1,01_046,PRAXIS,N,
8,BL,P_OKPCH,2027,2026,PR_REG_1,01_131,TEL_DIG,N,
8,BL,P_OKPCH,2027,2026,PR_REG_1,01_170,FLEX,N,
8,BL,P_OKPCH,2027,2026,PR_REG_2,01_016,PRAXIS,N,
8,BL,P_OKPCH,2027,2026,PR_REG_2,01_046,PRAXIS,N,
8,BL,P_OKPCH,2027,2026,PR_REG_2,01_131,TEL_DIG,N,
8,BL,P_OKPCH,2027,2026,PR_REG_2,01_170,FLEX,N,
8,BS,P_OKPCH,2027,2026,PR_REG_0,01_016,PRAXIS,N,
8,BS,P_OKPCH,2027,2026,PR_REG_0,01_046,PRAXIS,N,
8,BS,P_OKPCH,2027,2026,PR_REG_0,01_131,TEL_DIG,N,
8,BS,P_OKPCH,2027,2026,PR_REG_0,01_170,FLEX,N,
8,FR,P_OKPCH,2027,2026,PR_REG_1,01_016,PRAXIS,N,
8,FR,P_OKPCH,2027,2026,PR_REG_1,01_046,PRAXIS,N,
8,FR,P_OKPCH,2027,2026,PR_REG_1,01_131,TEL_DIG,N,
8,FR,P_OKPCH,2027,2026,PR_REG_1,01_170,FLEX,N,
8,FR,P_OKPCH,2027,2026,PR_REG_2,01_016,PRAXIS,N,
8,FR,P_OKPCH,2027,2026,PR_REG_2,01_046,PRAXIS,N,
8,FR,P_OKPCH,2027,2026,PR_REG_2,01_131,TEL_DIG,N,
8,FR,P_OKPCH,2027,2026,PR_REG_2,01_170,FLEX,N,
8,GE,P_OKPCH,2027,2026,PR_REG_0,01_016,PRAXIS,N,
8,GE,P_OKPCH,2027,2026,PR_REG_0,01_046,PRAXIS,N,
8,GE,P_OKPCH,2027,2026,PR_REG_0,01_131,TEL_DIG,N,
8,GE,P_OKPCH,2027,2026,PR_REG_0,01_170,FLEX,N,
8,GL,P_OKPCH,2027,2026,PR_REG_0,01_016,PRAXIS,N,
8,GL,P_OKPCH,2027,2026,PR_REG_0,01_046,PRAXIS,N,
8,GL,P_OKPCH,2027,2026,PR_REG_0,01_131,TEL_DIG,N,
8,GL,P_OKPCH,2027,2026,PR_REG_0,01_170,FLEX,N,
8,GR,P_OKPCH,2027,2026,PR_REG_1,01_016,PRAXIS,N,
8,GR,P_OKPCH,2027,2026,PR_REG_1,01_046,PRAXIS,N,
8,GR,P_OKPCH,2027,2026,PR_REG_1,01_131,TEL_DIG,N,
8,GR,P_OKPCH,2027,2026,PR_REG_1,01_170,FLEX,N,
8,GR,P_OKPCH,2027,2026,PR_REG_2,01_016,PRAXIS,N,
8,GR,P_OKPCH,2027,2026,PR_REG_2,01_046,PRAXIS,N,
8,GR,P_OKPCH,2027,2026,PR_REG_2,01_131,TEL_DIG,N,
8,GR,P_OKPCH,2027,2026,PR_REG_2,01_170,FLEX,N,
8,GR,P_OKPCH,2027,2026,PR_REG_3,01_016,PRAXIS,N,
8,GR,P_OKPCH,2027,2026,PR_REG_3,01_046,PRAXIS,N,
8,GR,P_OKPCH,2027,2026,PR_REG_3,01_131,TEL_DIG,N,
8,GR,P_OKPCH,2027,2026,PR_REG_3,01_170,FLEX,N,
8,JU,P_OKPCH,2027,2026,PR_REG_0,01_016,PRAXIS,N,
8,JU,P_OKPCH,2027,2026,PR_REG_0,01_046,PRAXIS,N,
8,JU,P_OKPCH,2027,2026,PR_REG_0,01_131,TEL_DIG,N,
8,JU,P_OKPCH,2027,2026,PR_REG_0,01_170,FLEX,N,
8,LU,P_OKPCH,2027,2026,PR_REG_1,01_016,PRAXIS,N,
8,LU,P_OKPCH,2027,2026,PR_REG_1,01_046,PRAXIS,N,
8,LU,P_OKPCH,2027,2026,PR_REG_1,01_131,TEL_DIG,N,
8,LU,P_OKPCH,2027,2026,PR_REG_1,01_170,FLEX,N,
8,LU,P_OKPCH,2027,2026,PR_REG_2,01_016,PRAXIS,N,
8,LU,P_OKPCH,2027,2026,PR_REG_2,01_046,PRAXIS,N,
8,LU,P_OKPCH,2027,2026,PR_REG_2,01_131,TEL_DIG,N,
8,LU,P_OKPCH,2027,2026,PR_REG_2,01_170,FLEX,N,
8,LU,P_OKPCH,2027,2026,PR_REG_3,01_016,PRAXIS,N,
8,LU,P_OKPCH,2027,2026,PR_REG_3,01_046,PRAXIS,N,
8,LU,P_OKPCH,2027,2026,PR_REG_3,01_131,TEL_DIG,N,
8,LU,P_OKPCH,2027,2026,PR_REG_3,01_170,FLEX,N,
8,NE,P_OKPCH,2027,2026,PR_REG_0,01_016,PRAXIS,N,
8,NE,P_OKPCH,2027,2026,PR_REG_0,01_046,PRAXIS,N,
8,NE,P_OKPCH,2027,2026,PR_REG_0,01_131,TEL_DIG,N,
8,NE,P_OKPCH,2027,2026,PR_REG_0,01_170,FLEX,N,
8,NW,P_OKPCH,2027,2026,PR_REG_0,01_016,PRAXIS,N,
8,NW,P_OKPCH,2027,2026,PR_REG_0,01_046,PRAXIS,N,
8,NW,P_OKPCH,2027,2026,PR_REG_0,01_131,TEL_DIG,N,
8,NW,P_OKPCH,2027,2026,PR_REG_0,01_170,FLEX,N,
8,OW,P_OKPCH,2027,2026,PR_REG_0,01_016,PRAXIS,N,
8,OW,P_OKPCH,2027,2026,PR_REG_0,01_046,PRAXIS,N,
8,OW,P_OKPCH,2027,2026,PR_REG_0,01_131,TEL_DIG,N,
8,OW,P_OKPCH,2027,2026,PR_REG_0,01_170,FLEX,N,
8,SG,P_OKPCH,2027,2026,PR_REG_1,01_016,PRAXIS,N,
8,SG,P_OKPCH,2027,2026,PR_REG_1,01_046,PRAXIS,N,
8,SG,P_OKPCH,2027,2026,PR_REG_1,01_131,TEL_DIG,N,
8,SG,P_OKPCH,2027,2026,PR_REG_1,01_170,FLEX,N,
8,SG,P_OKPCH,2027,2026,PR_REG_2,01_016,PRAXIS,N,
8,SG,P_OKPCH,2027,2026,PR_REG_2,01_046,PRAXIS,N,
8,SG,P_OKPCH,2027,2026,PR_REG_2,01_131,TEL_DIG,N,
8,SG,P_OKPCH,2027,2026,PR_REG_2,01_170,FLEX,N,
8,SG,P_OKPCH,2027,2026,PR_REG_3,01_016,PRAXIS,N,
8,SG,P_OKPCH,2027,2026,PR_REG_3,01_046,PRAXIS,N,
8,SG,P_OKPCH,2027,2026,PR_REG_3,01_131,TEL_DIG,N,
8,SG,P_OKPCH,2027,2026,PR_REG_3,01_170,FLEX,N,
8,SH,P_OKPCH,2027,2026,PR_REG_1,01_016,PRAXIS,N,
8,SH,P_OKPCH,2027,2026,PR_REG_1,01_046,PRAXIS,N,
8,SH,P_OKPCH,2027,2026,PR_REG_1,01_131,TEL_DIG,N,
8,SH,P_OKPCH,2027,2026,PR_REG_1,01_170,FLEX,N,
8,SH,P_OKPCH,2027,2026,PR_REG_2,01_016,PRAXIS,N,
8,SH,P_OKPCH,2027,2026,PR_REG_2,01_046,PRAXIS,N,
8,SH,P_OKPCH,2027,2026,PR_REG_2,01_131,TEL_DIG,N,
8,SH,P_OKPCH,2027,2026,PR_REG_2,01_170,FLEX,N,
8,SO,P_OKPCH,2027,2026,PR_REG_0,01_016,PRAXIS,N,
8,SO,P_OKPCH,2027,2026,PR_REG_0,01_046,PRAXIS,N,
8,SO,P_OKPCH,2027,2026,PR_REG_0,01_131,TEL_DIG,N,
8,SO,P_OKPCH,2027,2026,PR_REG_0,01_170,FLEX,N,
8,SZ,P_OKPCH,2027,2026,PR_REG_0,01_016,PRAXIS,N,
8,SZ,P_OKPCH,2027,2026,PR_REG_0,01_046,PRAXIS,N,
8,SZ,P_OKPCH,2027,2026,PR_REG_0,01_131,TEL_DIG,N,
8,SZ,P_OKPCH,2027,2026,PR_REG_0,01_170,FLEX,N,
8,TG,P_OKPCH,2027,2026,PR_REG_0,01_016,PRAXIS,N,
8,TG,P_OKPCH,2027,2026,PR_REG_0,01_046,PRAXIS,N,
8,TG,P_OKPCH,2027,2026,PR_REG_0,01_131,TEL_DIG,N,
8,TG,P_OKPCH,2027,2026,PR_REG_0,01_170,FLEX,N,
8,TI,P_OKPCH,2027,2026,PR_REG_1,01_016,PRAXIS,N,
8,TI,P_OKPCH,2027,2026,PR_REG_1,01_046,PRAXIS,N,
8,TI,P_OKPCH,2027,2026,PR_REG_1,01_131,TEL_DIG,N,
8,TI,P_OKPCH,2027,2026,PR_REG_1,01_170,FLEX,N,
8,TI,P_OKPCH,2027,2026,PR_REG_2,01_016,PRAXIS,N,
8,TI,P_OKPCH,2027,2026,PR_REG_2,01_046,PRAXIS,N,
8,TI,P_OKPCH,2027,2026,PR_REG_2,01_131,TEL_DIG,N,
8,TI,P_OKPCH,2027,2026,PR_REG_2,01_170,FLEX,N,
8,UR,P_OKPCH,2027,2026,PR_REG_0,01_016,PRAXIS,N,
8,UR,P_OKPCH,2027,2026,PR_REG_0,01_046,PRAXIS,N,
8,UR,P_OKPCH,2027,2026,PR_REG_0,01_131,TEL_DIG,N,
8,UR,P_OKPCH,2027,2026,PR_REG_0,01_170,FLEX,N,
8,VD,P_OKPCH,2027,2026,PR_REG_1,01_016,PRAXIS,N,
8,VD,P_OKPCH,2027,2026,PR_REG_1,01_046,PRAXIS,N,
8,VD,P_OKPCH,2027,2026,PR_REG_1,01_131,TEL_DIG,N,
8,VD,P_OKPCH,2027,2026,PR_REG_1,01_170,FLEX,N,
8,VD,P_OKPCH,2027,2026,PR_REG_2,01_016,PRAXIS,N,
8,VD,P_OKPCH,2027,2026,PR_REG_2,01_046,PRAXIS,N,
8,VD,P_OKPCH,2027,2026,PR_REG_2,01_131,TEL_DIG,N,
8,VD,P_OKPCH,2027,2026,PR_REG_2,01_170,FLEX,N,
8,VS,P_OKPCH,2027,2026,PR_REG_1,01_016,PRAXIS,N,
8,VS,P_OKPCH,2027,2026,PR_REG_1,01_046,PRAXIS,N,
8,VS,P_OKPCH,2027,2026,PR_REG_1,01_131,TEL_DIG,N,
8,VS,P_OKPCH,2027,2026,PR_REG_1,01_170,FLEX,N,
8,VS,P_OKPCH,2027,2026,PR_REG_2,01_016,PRAXIS,N,
8,VS,P_OKPCH,2027,2026,PR_REG_2,01_046,PRAXIS,N,
8,VS,P_OKPCH,2027,2026,PR_REG_2,01_131,TEL_DIG,N,
8,VS,P_OKPCH,2027,2026,PR_REG_2,01_170,FLEX,N,
8,ZG,P_OKPCH,2027,2026,PR_REG_0,01_016,PRAXIS,N,
8,ZG,P_OKPCH,2027,2026,PR_REG_0,01_046,PRAXIS,N,
8,ZG,P_OKPCH,2027,2026,PR_REG_0,01_131,TEL_DIG,N,
8,ZG,P_OKPCH,2027,2026,PR_REG_0,01_170,FLEX,N,
8,ZH,P_OKPCH,2027,2026,PR_REG_1,01_016,PRAXIS,N,
8,ZH,P_OKPCH,2027,2026,PR_REG_1,01_046,PRAXIS,N,
8,ZH,P_OKPCH,2027,2026,PR_REG_1,01_131,TEL_DIG,N,
8,ZH,P_OKPCH,2027,2026,PR_REG_1,01_170,FLEX,N,
8,ZH,P_OKPCH,2027,2026,PR_REG_2,01_016,PRAXIS,N,
8,ZH,P_OKPCH,2027,2026,PR_REG_2,01_046,PRAXIS,N,
8,ZH,P_OKPCH,2027,2026,PR_REG_2,01_131,TEL_DIG,N,
8,ZH,P_OKPCH,2027,2026,PR_REG_2,01_170,FLEX,N,
8,ZH,P_OKPCH,2027,2026,PR_REG_3,01_016,PRAXIS,N,
8,ZH,P_OKPCH,2027,2026,PR_REG_3,01_046,PRAXIS,N,
8,ZH,P_OKPCH,2027,2026,PR_REG_3,01_131,TEL_DIG,N,
8,ZH,P_OKPCH,2027,2026,PR_REG_3,01_170,FLEX,N,
32,AG,P_OKPCH,2027,2026,PR_REG_0,CASAMED,PRAXIS,N,
32,AG,P_OKPCH,2027,2026,PR_REG_0,SMARTMED,TEL_DIG,N,
32,AI,P_OKPCH,2027,2026,PR_REG_0,CASAMED,PRAXIS,N,
32,AI,P_OKPCH,2027,2026,PR_REG_0,SMARTMED,TEL_DIG,N,
32,AR,P_OKPCH,2027,2026,PR_REG_0,CASAMED,PRAXIS,N,
32,AR,P_OKPCH,2027,2026,PR_REG_0,SMARTMED,TEL_DIG,N,
32,BE,P_OKPCH,2027,2026,PR_REG_1,CASAMED,PRAXIS,N,
32,BE,P_OKPCH,2027,2026,PR_REG_1,SMARTMED,TEL_DIG,N,
32,BE,P_OKPCH,2027,2026,PR_REG_2,CASAMED,PRAXIS,N,
32,BE,P_OKPCH,2027,2026,PR_REG_2,SMARTMED,TEL_DIG,N,
32,BE,P_OKPCH,2027,2026,PR_REG_3,CASAMED,PRAXIS,N,
32,BE,P_OKPCH,2027,2026,PR_REG_3,SMARTMED,TEL_DIG,N,
32,BL,P_OKPCH,2027,2026,PR_REG_1,CASAMED,PRAXIS,N,
32,BL,P_OKPCH,2027,2026,PR_REG_1,SMARTMED,TEL_DIG,N,
32,BL,P_OKPCH,2027,2026,PR_REG_2,CASAMED,PRAXIS,N,
32,BL,P_OKPCH,2027,2026,PR_REG_2,SMARTMED,TEL_DIG,N,
32,BS,P_OKPCH,2027,2026,PR_REG_0,CASAMED,PRAXIS,N,
32,BS,P_OKPCH,2027,2026,PR_REG_0,SMARTMED,TEL_DIG,N,
32,FR,P_OKPCH,2027,2026,PR_REG_1,CASAMED,PRAXIS,N,
32,FR,P_OKPCH,2027,2026,PR_REG_1,SMARTMED,TEL_DIG,N,
32,FR,P_OKPCH,2027,2026,PR_REG_2,CASAMED,PRAXIS,N,
32,FR,P_OKPCH,2027,2026,PR_REG_2,SMARTMED,TEL_DIG,N,
32,GE,P_OKPCH,2027,2026,PR_REG_0,SMARTMED,TEL_DIG,N,
32,GL,P_OKPCH,2027,2026,PR_REG_0,CASAMED,PRAXIS,N,
32,GL,P_OKPCH,2027,2026,PR_REG_0,SMARTMED,TEL_DIG,N,
32,GR,P_OKPCH,2027,2026,PR_REG_1,CASAMED,PRAXIS,N,
32,GR,P_OKPCH,2027,2026,PR_REG_1,SMARTMED,TEL_DIG,N,
32,GR,P_OKPCH,2027,2026,PR_REG_2,CASAMED,PRAXIS,N,
32,GR,P_OKPCH,2027,2026,PR_REG_2,SMARTMED,TEL_DIG,N,
32,GR,P_OKPCH,2027,2026,PR_REG_3,CASAMED,PRAXIS,N,
32,GR,P_OKPCH,2027,2026,PR_REG_3,SMARTMED,TEL_DIG,N,
32,JU,P_OKPCH,2027,2026,PR_REG_0,SMARTMED,TEL_DIG,N,
32,LU,P_OKPCH,2027,2026,PR_REG_1,CASAMED,PRAXIS,N,
32,LU,P_OKPCH,2027,2026,PR_REG_1,SMARTMED,TEL_DIG,N,
32,LU,P_OKPCH,2027,2026,PR_REG_2,CASAMED,PRAXIS,N,
32,LU,P_OKPCH,2027,2026,PR_REG_2,SMARTMED,TEL_DIG,N,
32,LU,P_OKPCH,2027,2026,PR_REG_3,CASAMED,PRAXIS,N,
32,LU,P_OKPCH,2027,2026,PR_REG_3,SMARTMED,TEL_DIG,N,
32,NE,P_OKPCH,2027,2026,PR_REG_0,SMARTMED,TEL_DIG,N,
32,NW,P_OKPCH,2027,2026,PR_REG_0,CASAMED,PRAXIS,N,
32,NW,P_OKPCH,2027,2026,PR_REG_0,SMARTMED,TEL_DIG,N,
32,OW,P_OKPCH,2027,2026,PR_REG_0,CASAMED,PRAXIS,N,
32,OW,P_OKPCH,2027,2026,PR_REG_0,SMARTMED,TEL_DIG,N,
32,SG,P_OKPCH,2027,2026,PR_REG_1,CASAMED,PRAXIS,N,
32,SG,P_OKPCH,2027,2026,PR_REG_1,SMARTMED,TEL_DIG,N,
32,SG,P_OKPCH,2027,2026,PR_REG_2,CASAMED,PRAXIS,N,
32,SG,P_OKPCH,2027,2026,PR_REG_2,SMARTMED,TEL_DIG,N,
32,SG,P_OKPCH,2027,2026,PR_REG_3,CASAMED,PRAXIS,N,
32,SG,P_OKPCH,2027,2026,PR_REG_3,SMARTMED,TEL_DIG,N,
32,SH,P_OKPCH,2027,2026,PR_REG_1,CASAMED,PRAXIS,N,
32,SH,P_OKPCH,2027,2026,PR_REG_1,SMARTMED,TEL_DIG,N,
32,SH,P_OKPCH,2027,2026,PR_REG_2,CASAMED,PRAXIS,N,
32,SH,P_OKPCH,2027,2026,PR_REG_2,SMARTMED,TEL_DIG,N,
32,SO,P_OKPCH,2027,2026,PR_REG_0,CASAMED,PRAXIS,N,
32,SO,P_OKPCH,2027,2026,PR_REG_0,SMARTMED,TEL_DIG,N,
32,SZ,P_OKPCH,2027,2026,PR_REG_0,CASAMED,PRAXIS,N,
32,SZ,P_OKPCH,2027,2026,PR_REG_0,SMARTMED,TEL_DIG,N,
32,TG,P_OKPCH,2027,2026,PR_REG_0,CASAMED,PRAXIS,N,
32,TG,P_OKPCH,2027,2026,PR_REG_0,SMARTMED,TEL_DIG,N,
32,TI,P_OKPCH,2027,2026,PR_REG_1,SMARTMED,TEL_DIG,N,
32,TI,P_OKPCH,2027,2026,PR_REG_2,SMARTMED,TEL_DIG,N,
32,UR,P_OKPCH,2027,2026,PR_REG_0,CASAMED,PRAXIS,N,
32,UR,P_OKPCH,2027,2026,PR_REG_0,SMARTMED,TEL_DIG,N,
32,VD,P_OKPCH,2027,2026,PR_REG_1,SMARTMED,TEL_DIG,N,
32,VD,P_OKPCH,2027,2026,PR_REG_2,SMARTMED,TEL_DIG,N,
32,VS,P_OKPCH,2027,2026,PR_REG_1,SMARTMED,TEL_DIG,N,
32,VS,P_OKPCH,2027,2026,PR_REG_2,CASAMED,PRAXIS,N,
32,VS,P_OKPCH,2027,2026,PR_REG_2,SMARTMED,TEL_DIG,N,
32,ZG,P_OKPCH,2027,2026,PR_REG_0,CASAMED,PRAXIS,N,
32,ZG,P_OKPCH,2027,2026,PR_REG_0,SMARTMED,TEL_DIG,N,
32,ZH,P_OKPCH,2027,2026,PR_REG_1,CASAMED,PRAXIS,N,
32,ZH,P_OKPCH,2027,2026,PR_REG_1,SMARTMED,TEL_DIG,N,
32,ZH,P_OKPCH,2027,2026,PR_REG_2,CASAMED,PRAXIS,N,
32,ZH,P_OKPCH,2027,2026,PR_REG_2,SMARTMED,TEL_DIG,N,
32,ZH,P_OKPCH,2027,2026,PR_REG_3,CASAMED,PRAXIS,N,
32,ZH,P_OKPCH,2027,2026,PR_REG_3,SMARTMED,TEL_DIG,N,
194,AG,P_OKPCH,2027,2026,PR_REG_0,HAM,PRAXIS,N,
194,AG,P_OKPCH,2027,2026,PR_REG_0,Telmed,TEL_DIG,N,
194,AI,P_OKPCH,2027,2026,PR_REG_0,HAM,PRAXIS,N,
194,AI,P_OKPCH,2027,2026,PR_REG_0,Telmed,TEL_DIG,N,
194,AR,P_OKPCH,2027,2026,PR_REG_0,HAM,PRAXIS,N,
194,AR,P_OKPCH,2027,2026,PR_REG_0,Telmed,TEL_DIG,N,
194,BE,P_OKPCH,2027,2026,PR_REG_1,HAM,PRAXIS,N,
194,BE,P_OKPCH,2027,2026,PR_REG_1,HMO plus,PRAXIS,N,
194,BE,P_OKPCH,2027,2026,PR_REG_1,Telmed,TEL_DIG,N,
194,BE,P_OKPCH,2027,2026,PR_REG_2,HAM,PRAXIS,N,
194,BE,P_OKPCH,2027,2026,PR_REG_2,HMO plus,PRAXIS,N,
194,BE,P_OKPCH,2027,2026,PR_REG_2,Telmed,TEL_DIG,N,
194,BE,P_OKPCH,2027,2026,PR_REG_3,HAM,PRAXIS,N,
194,BE,P_OKPCH,2027,2026,PR_REG_3,HMO plus,PRAXIS,N,
194,BE,P_OKPCH,2027,2026,PR_REG_3,Telmed,TEL_DIG,N,
194,BL,P_OKPCH,2027,2026,PR_REG_1,HAM,PRAXIS,N,
194,BL,P_OKPCH,2027,2026,PR_REG_1,Telmed,TEL_DIG,N,
194,BL,P_OKPCH,2027,2026,PR_REG_2,HAM,PRAXIS,N,
194,BL,P_OKPCH,2027,2026,PR_REG_2,Telmed,TEL_DIG,N,
194,BS,P_OKPCH,2027,2026,PR_REG_0,HAM,PRAXIS,N,
194,BS,P_OKPCH,2027,2026,PR_REG_0,Telmed,TEL_DIG,N,
194,FR,P_OKPCH,2027,2026,PR_REG_1,HAM,PRAXIS,N,
194,FR,P_OKPCH,2027,2026,PR_REG_1,Telmed,TEL_DIG,N,
194,FR,P_OKPCH,2027,2026,PR_REG_2,HAM,PRAXIS,N,
194,FR,P_OKPCH,2027,2026,PR_REG_2,Telmed,TEL_DIG,N,
194,GL,P_OKPCH,2027,2026,PR_REG_0,HAM,PRAXIS,N,
194,GL,P_OKPCH,2027,2026,PR_REG_0,Telmed,TEL_DIG,N,
194,GR,P_OKPCH,2027,2026,PR_REG_1,HAM,PRAXIS,N,
194,GR,P_OKPCH,2027,2026,PR_REG_1,Telmed,TEL_DIG,N,
194,GR,P_OKPCH,2027,2026,PR_REG_2,HAM,PRAXIS,N,
194,GR,P_OKPCH,2027,2026,PR_REG_2,Telmed,TEL_DIG,N,
194,GR,P_OKPCH,2027,2026,PR_REG_3,HAM,PRAXIS,N,
194,GR,P_OKPCH,2027,2026,PR_REG_3,Telmed,TEL_DIG,N,
194,LU,P_OKPCH,2027,2026,PR_REG_1,HAM,PRAXIS,N,
194,LU,P_OKPCH,2027,2026,PR_REG_1,Telmed,TEL_DIG,N,
194,LU,P_OKPCH,2027,2026,PR_REG_2,HAM,PRAXIS,N,
194,LU,P_OKPCH,2027,2026,PR_REG_2,Telmed,TEL_DIG,N,
194,LU,P_OKPCH,2027,2026,PR_REG_3,HAM,PRAXIS,N,
194,LU,P_OKPCH,2027,2026,PR_REG_3,Telmed,TEL_DIG,N,
194,NW,P_OKPCH,2027,2026,PR_REG_0,HAM,PRAXIS,N,
194,NW,P_OKPCH,2027,2026,PR_REG_0,Telmed,TEL_DIG,N,
194,OW,P_OKPCH,2027,2026,PR_REG_0,HAM,PRAXIS,N,
194,OW,P_OKPCH,2027,2026,PR_REG_0,Telmed,TEL_DIG,N,
194,SG,P_OKPCH,2027,2026,PR_REG_1,HAM,PRAXIS,N,
194,SG,P_OKPCH,2027,2026,PR_REG_1,Telmed,TEL_DIG,N,
194,SG,P_OKPCH,2027,2026,PR_REG_2,HAM,PRAXIS,N,
194,SG,P_OKPCH,2027,2026,PR_REG_2,Telmed,TEL_DIG,N,
194,SG,P_OKPCH,2027,2026,PR_REG_3,HAM,PRAXIS,N,
194,SG,P_OKPCH,2027,2026,PR_REG_3,Telmed,TEL_DIG,N,
194,SH,P_OKPCH,2027,2026,PR_REG_1,HAM,PRAXIS,N,
194,SH,P_OKPCH,2027,2026,PR_REG_1,Telmed,TEL_DIG,N,
194,SH,P_OKPCH,2027,2026,PR_REG_2,HAM,PRAXIS,N,
194,SH,P_OKPCH,2027,2026,PR_REG_2,Telmed,TEL_DIG,N,
194,SO,P_OKPCH,2027,2026,PR_REG_0,HAM,PRAXIS,N,
194,SO,P_OKPCH,2027,2026,PR_REG_0,Telmed,TEL_DIG,N,
194,SZ,P_OKPCH,2027,2026,PR_REG_0,HAM,PRAXIS,N,
194,SZ,P_OKPCH,2027,2026,PR_REG_0,Telmed,TEL_DIG,N,
194,TG,P_OKPCH,2027,2026,PR_REG_0,HAM,PRAXIS,N,
194,TG,P_OKPCH,2027,2026,PR_REG_0,Telmed,TEL_DIG,N,
194,UR,P_OKPCH,2027,2026,PR_REG_0,HAM,PRAXIS,N,
194,UR,P_OKPCH,2027,2026,PR_REG_0,Telmed,TEL_DIG,N,
194,VS,P_OKPCH,2027,2026,PR_REG_1,HAM,PRAXIS,N,
194,VS,P_OKPCH,2027,2026,PR_REG_1,Telmed,TEL_DIG,N,
194,VS,P_OKPCH,2027,2026,PR_REG_2,HAM,PRAXIS,N,
194,VS,P_OKPCH,2027,2026,PR_REG_2,Telmed,TEL_DIG,N,
194,ZG,P_OKPCH,2027,2026,PR_REG_0,HAM,PRAXIS,N,
194,ZG,P_OKPCH,2027,2026,PR_REG_0,Telmed,TEL_DIG,N,
194,ZH,P_OKPCH,2027,2026,PR_REG_1,HAM,PRAXIS,N,
194,ZH,P_OKPCH,2027,2026,PR_REG_1,Telmed,TEL_DIG,N,
194,ZH,P_OKPCH,2027,2026,PR_REG_2,HAM,PRAXIS,N,
194,ZH,P_OKPCH,2027,2026,PR_REG_2,Telmed,TEL_DIG,N,
194,ZH,P_OKPCH,2027,2026,PR_REG_3,HAM,PRAXIS,N,
194,ZH,P_OKPCH,2027,2026,PR_REG_3,Telmed,TEL_DIG,N,
246,AG,P_OKPCH,2027,2026,PR_REG_0,Casa,PRAXIS,N,
246,AG,P_OKPCH,2027,2026,PR_REG_0,Medcasa,PRAXIS,N,
246,AG,P_OKPCH,2027,2026,PR_REG_0,sanmed24,TEL_DIG,N,
246,BE,P_OKPCH,2027,2026,PR_REG_1,Casa,PRAXIS,N,
246,BE,P_OKPCH,2027,2026,PR_REG_1,Medcasa,PRAXIS,N,
246,BE,P_OKPCH,2027,2026,PR_REG_1,sanmed24,TEL_DIG,N,
246,BE,P_OKPCH,2027,2026,PR_REG_2,Casa,PRAXIS,N,
246,BE,P_OKPCH,2027,2026,PR_REG_2,Medcasa,PRAXIS,N,
246,BE,P_OKPCH,2027,2026,PR_REG_2,Regiomed,PRAXIS,N,
246,BE,P_OKPCH,2027,2026,PR_REG_2,sanmed24,TEL_DIG,N,
246,BE,P_OKPCH,2027,2026,PR_REG_3,Casa,PRAXIS,N,
246,BE,P_OKPCH,2027,2026,PR_REG_3,Medcasa,PRAXIS,N,
246,BE,P_OKPCH,2027,2026,PR_REG_3,sanmed24,TEL_DIG,N,
246,GL,P_OKPCH,2027,2026,PR_REG_0,Casa,PRAXIS,N,
246,GL,P_OKPCH,2027,2026,PR_REG_0,sanmed24,TEL_DIG,N,
246,NW,P_OKPCH,2027,2026,PR_REG_0,Casa,PRAXIS,N,
246,NW,P_OKPCH,2027,2026,PR_REG_0,sanmed24,TEL_DIG,N,
246,OW,P_OKPCH,2027,2026,PR_REG_0,Casa,PRAXIS,N,
246,OW,P_OKPCH,2027,2026,PR_REG_0,sanmed24,TEL_DIG,N,
246,SO,P_OKPCH,2027,2026,PR_REG_0,Casa,PRAXIS,N,
246,SO,P_OKPCH,2027,2026,PR_REG_0,Medcasa,PRAXIS,N,
246,SO,P_OKPCH,2027,2026,PR_REG_0,sanmed24,TEL_DIG,N,
246,SZ,P_OKPCH,2027,2026,PR_REG_0,Casa,PRAXIS,N,
246,SZ,P_OKPCH,2027,2026,PR_REG_0,sanmed24,TEL_DIG,N,
246,UR,P_OKPCH,2027,2026,PR_REG_0,Casa,PRAXIS,N,
246,UR,P_OKPCH,2027,2026,PR_REG_0,sanmed24,TEL_DIG,N,
246,VS,P_OKPCH,2027,2026,PR_REG_2,Casa,PRAXIS,N,
246,VS,P_OKPCH,2027,2026,PR_REG_2,sanmed24,TEL_DIG,N,
246,ZG,P_OKPCH,2027,2026,PR_REG_0,Casa,PRAXIS,N,
246,ZG,P_OKPCH,2027,2026,PR_REG_0,sanmed24,TEL_DIG,N,
246,ZH,P_OKPCH,2027,2026,PR_REG_1,Casa,PRAXIS,N,
246,ZH,P_OKPCH,2027,2026,PR_REG_1,Medcasa,PRAXIS,N,
246,ZH,P_OKPCH,2027,2026,PR_REG_1,sanmed24,TEL_DIG,N,
246,ZH,P_OKPCH,2027,2026,PR_REG_2,Casa,PRAXIS,N,
246,ZH,P_OKPCH,2027,2026,PR_REG_2,sanmed24,TEL_DIG,N,
246,ZH,P_OKPCH,2027,2026,PR_REG_3,Casa,PRAXIS,N,
246,ZH,P_OKPCH,2027,2026,PR_REG_3,sanmed24,TEL_DIG,N,
290,AG,P_OKPCH,2027,2026,PR_REG_0,HAM_DOC,PRAXIS,N,
290,AG,P_OKPCH,2027,2026,PR_REG_0,HMO_01,PRAXIS,N,
290,AG,P_OKPCH,2027,2026,PR_REG_0,smartDoc,TEL_DIG,N,
290,AI,P_OKPCH,2027,2026,PR_REG_0,HAM_DOC,PRAXIS,N,
290,AI,P_OKPCH,2027,2026,PR_REG_0,HMO_01,PRAXIS,N,
290,AI,P_OKPCH,2027,2026,PR_REG_0,smartDoc,TEL_DIG,N,
290,AR,P_OKPCH,2027,2026,PR_REG_0,HAM_DOC,PRAXIS,N,
290,AR,P_OKPCH,2027,2026,PR_REG_0,HMO_01,PRAXIS,N,
290,AR,P_OKPCH,2027,2026,PR_REG_0,smartDoc,TEL_DIG,N,
290,BE,P_OKPCH,2027,2026,PR_REG_1,HAM_DOC,PRAXIS,N,
290,BE,P_OKPCH,2027,2026,PR_REG_1,HMO_01,PRAXIS,N,
290,BE,P_OKPCH,2027,2026,PR_REG_1,smartDoc,TEL_DIG,N,
290,BE,P_OKPCH,2027,2026,PR_REG_2,HAM_DOC,PRAXIS,N,
290,BE,P_OKPCH,2027,2026,PR_REG_2,HMO_01,PRAXIS,N,
290,BE,P_OKPCH,2027,2026,PR_REG_2,smartDoc,TEL_DIG,N,
290,BE,P_OKPCH,2027,2026,PR_REG_3,HAM_DOC,PRAXIS,N,
290,BE,P_OKPCH,2027,2026,PR_REG_3,HMO_01,PRAXIS,N,
290,BE,P_OKPCH,2027,2026,PR_REG_3,smartDoc,TEL_DIG,N,
290,BL,P_OKPCH,2027,2026,PR_REG_1,HAM_DOC,PRAXIS,N,
290,BL,P_OKPCH,2027,2026,PR_REG_1,HMO_01,PRAXIS,N,
290,BL,P_OKPCH,2027,2026,PR_REG_1,smartDoc,TEL_DIG,N,
290,BL,P_OKPCH,2027,2026,PR_REG_2,HAM_DOC,PRAXIS,N,
290,BL,P_OKPCH,2027,2026,PR_REG_2,HMO_01,PRAXIS,N,
290,BL,P_OKPCH,2027,2026,PR_REG_2,smartDoc,TEL_DIG,N,
290,BS,P_OKPCH,2027,2026,PR_REG_0,HAM_DOC,PRAXIS,N,
290,BS,P_OKPCH,2027,2026,PR_REG_0,HMO_01,PRAXIS,N,
290,BS,P_OKPCH,2027,2026,PR_REG_0,smartDoc,TEL_DIG,N,
290,FR,P_OKPCH,2027,2026,PR_REG_1,HAM_DOC,PRAXIS,N,
290,FR,P_OKPCH,2027,2026,PR_REG_1,HMO_01,PRAXIS,N,
290,FR,P_OKPCH,2027,2026,PR_REG_1,smartDoc,TEL_DIG,N,
290,FR,P_OKPCH,2027,2026,PR_REG_2,HAM_DOC,PRAXIS,N,
290,FR,P_OKPCH,2027,2026,PR_REG_2,HMO_01,PRAXIS,N,
290,FR,P_OKPCH,2027,2026,PR_REG_2,smartDoc,TEL_DIG,N,
290,GE,P_OKPCH,2027,2026,PR_REG_0,HAM_DOC,PRAXIS,N,
290,GE,P_OKPCH,2027,2026,PR_REG_0,HMO_01,PRAXIS,N,
290,GE,P_OKPCH,2027,2026,PR_REG_0,smartDoc,TEL_DIG,N,
290,GL,P_OKPCH,2027,2026,PR_REG_0,HAM_DOC,PRAXIS,N,
290,GL,P_OKPCH,2027,2026,PR_REG_0,HMO_01,PRAXIS,N,
290,GL,P_OKPCH,2027,2026,PR_REG_0,smartDoc,TEL_DIG,N,
290,GR,P_OKPCH,2027,2026,PR_REG_1,HAM_DOC,PRAXIS,N,
290,GR,P_OKPCH,2027,2026,PR_REG_1,HMO_01,PRAXIS,N,
290,GR,P_OKPCH,2027,2026,PR_REG_1,smartDoc,TEL_DIG,N,
290,GR,P_OKPCH,2027,2026,PR_REG_2,HAM_DOC,PRAXIS,N,
290,GR,P_OKPCH,2027,2026,PR_REG_2,HMO_01,PRAXIS,N,
290,GR,P_OKPCH,2027,2026,PR_REG_2,smartDoc,TEL_DIG,N,
290,GR,P_OKPCH,2027,2026,PR_REG_3,HAM_DOC,PRAXIS,N,
290,GR,P_OKPCH,2027,2026,PR_REG_3,HMO_01,PRAXIS,N,
290,GR,P_OKPCH,2027,2026,PR_REG_3,smartDoc,TEL_DIG,N,
290,JU,P_OKPCH,2027,2026,PR_REG_0,HAM_DOC,PRAXIS,N,
290,JU,P_OKPCH,2027,2026,PR_REG_0,HMO_01,PRAXIS,N,
290,JU,P_OKPCH,2027,2026,PR_REG_0,smartDoc,TEL_DIG,N,
290,LU,P_OKPCH,2027,2026,PR_REG_1,HAM_DOC,PRAXIS,N,
290,LU,P_OKPCH,2027,2026,PR_REG_1,HMO_01,PRAXIS,N,
290,LU,P_OKPCH,2027,2026,PR_REG_1,smartDoc,TEL_DIG,N,
290,LU,P_OKPCH,2027,2026,PR_REG_2,HAM_DOC,PRAXIS,N,
290,LU,P_OKPCH,2027,2026,PR_REG_2,HMO_01,PRAXIS,N,
290,LU,P_OKPCH,2027,2026,PR_REG_2,smartDoc,TEL_DIG,N,
290,LU,P_OKPCH,2027,2026,PR_REG_3,HAM_DOC,PRAXIS,N,
290,LU,P_OKPCH,2027,2026,PR_REG_3,HMO_01,PRAXIS,N,
290,LU,P_OKPCH,2027,2026,PR_REG_3,smartDoc,TEL_DIG,N,
290,NE,P_OKPCH,2027,2026,PR_REG_0,HAM_DOC,PRAXIS,N,
290,NE,P_OKPCH,2027,2026,PR_REG_0,HMO_01,PRAXIS,N,
290,NE,P_OKPCH,2027,2026,PR_REG_0,smartDoc,TEL_DIG,N,
290,NW,P_OKPCH,2027,2026,PR_REG_0,HAM_DOC,PRAXIS,N,
290,NW,P_OKPCH,2027,2026,PR_REG_0,HMO_01,PRAXIS,N,
290,NW,P_OKPCH,2027,2026,PR_REG_0,smartDoc,TEL_DIG,N,
290,OW,P_OKPCH,2027,2026,PR_REG_0,HAM_DOC,PRAXIS,N,
290,OW,P_OKPCH,2027,2026,PR_REG_0,HMO_01,PRAXIS,N,
290,OW,P_OKPCH,2027,2026,PR_REG_0,smartDoc,TEL_DIG,N,
290,SG,P_OKPCH,2027,2026,PR_REG_1,HAM_DOC,PRAXIS,N,
290,SG,P_OKPCH,2027,2026,PR_REG_1,HMO_01,PRAXIS,N,
290,SG,P_OKPCH,2027,2026,PR_REG_1,smartDoc,TEL_DIG,N,
290,SG,P_OKPCH,2027,2026,PR_REG_2,HAM_DOC,PRAXIS,N,
290,SG,P_OKPCH,2027,2026,PR_REG_2,HMO_01,PRAXIS,N,
290,SG,P_OKPCH,2027,2026,PR_REG_2,smartDoc,TEL_DIG,N,
290,SG,P_OKPCH,2027,2026,PR_REG_3,HAM_DOC,PRAXIS,N,
290,SG,P_OKPCH,2027,2026,PR_REG_3,HMO_01,PRAXIS,N,
290,SG,P_OKPCH,2027,2026,PR_REG_3,smartDoc,TEL_DIG,N,
290,SH,P_OKPCH,2027,2026,PR_REG_1,HAM_DOC,PRAXIS,N,
290,SH,P_OKPCH,2027,2026,PR_REG_1,HMO_01,PRAXIS,N,
290,SH,P_OKPCH,2027,2026,PR_REG_1,smartDoc,TEL_DIG,N,
290,SH,P_OKPCH,2027,2026,PR_REG_2,HAM_DOC,PRAXIS,N,
290,SH,P_OKPCH,2027,2026,PR_REG_2,HMO_01,PRAXIS,N,
290,SH,P_OKPCH,2027,2026,PR_REG_2,smartDoc,TEL_DIG,N,
290,SO,P_OKPCH,2027,2026,PR_REG_0,HAM_DOC,PRAXIS,N,
290,SO,P_OKPCH,2027,2026,PR_REG_0,HMO_01,PRAXIS,N,
290,SO,P_OKPCH,2027,2026,PR_REG_0,smartDoc,TEL_DIG,N,
290,SZ,P_OKPCH,2027,2026,PR_REG_0,HAM_DOC,PRAXIS,N,
290,SZ,P_OKPCH,2027,2026,PR_REG_0,HMO_01,PRAXIS,N,
290,SZ,P_OKPCH,2027,2026,PR_REG_0,smartDoc,TEL_DIG,N,
290,TG,P_OKPCH,2027,2026,PR_REG_0,HAM_DOC,PRAXIS,N,
290,TG,P_OKPCH,2027,2026,PR_REG_0,HMO_01,PRAXIS,N,
290,TG,P_OKPCH,2027,2026,PR_REG_0,smartDoc,TEL_DIG,N,
290,TI,P_OKPCH,2027,2026,PR_REG_1,HAM_DOC,PRAXIS,N,
290,TI,P_OKPCH,2027,2026,PR_REG_1,HMO_01,PRAXIS,N,
290,TI,P_OKPCH,2027,2026,PR_REG_1,smartDoc,TEL_DIG,N,
290,TI,P_OKPCH,2027,2026,PR_REG_2,HAM_DOC,PRAXIS,N,
290,TI,P_OKPCH,2027,2026,PR_REG_2,HMO_01,PRAXIS,N,
290,TI,P_OKPCH,2027,2026,PR_REG_2,smartDoc,TEL_DIG,N,
290,UR,P_OKPCH,2027,2026,PR_REG_0,HAM_DOC,PRAXIS,N,
290,UR,P_OKPCH,2027,2026,PR_REG_0,HMO_01,PRAXIS,N,
290,UR,P_OKPCH,2027,2026,PR_REG_0,smartDoc,TEL_DIG,N,
290,VD,P_OKPCH,2027,2026,PR_REG_1,HAM_DOC,PRAXIS,N,
290,VD,P_OKPCH,2027,2026,PR_REG_1,HMO_01,PRAXIS,N,
290,VD,P_OKPCH,2027,2026,PR_REG_1,smartDoc,TEL_DIG,N,
290,VD,P_OKPCH,2027,2026,PR_REG_2,HAM_DOC,PRAXIS,N,
290,VD,P_OKPCH,2027,2026,PR_REG_2,HMO_01,PRAXIS,N,
290,VD,P_OKPCH,2027,2026,PR_REG_2,smartDoc,TEL_DIG,N,
290,VS,P_OKPCH,2027,2026,PR_REG_1,HAM_DOC,PRAXIS,N,
290,VS,P_OKPCH,2027,2026,PR_REG_1,HMO_01,PRAXIS,N,
290,VS,P_OKPCH,2027,2026,PR_REG_1,smartDoc,TEL_DIG,N,
290,VS,P_OKPCH,2027,2026,PR_REG_2,HAM_DOC,PRAXIS,N,
290,VS,P_OKPCH,2027,2026,PR_REG_2,HMO_01,PRAXIS,N,
290,VS,P_OKPCH,2027,2026,PR_REG_2,smartDoc,TEL_DIG,N,
290,ZG,P_OKPCH,2027,2026,PR_REG_0,HAM_DOC,PRAXIS,N,
290,ZG,P_OKPCH,2027,2026,PR_REG_0,HMO_01,PRAXIS,N,
290,ZG,P_OKPCH,2027,2026,PR_REG_0,smartDoc,TEL_DIG,N,
290,ZH,P_OKPCH,2027,2026,PR_REG_1,HAM_DOC,PRAXIS,N,
290,ZH,P_OKPCH,2027,2026,PR_REG_1,HMO_01,PRAXIS,N,
290,ZH,P_OKPCH,2027,2026,PR_REG_1,smartDoc,TEL_DIG,N,
290,ZH,P_OKPCH,2027,2026,PR_REG_2,HAM_DOC,PRAXIS,N,
290,ZH,P_OKPCH,2027,2026,PR_REG_2,HMO_01,PRAXIS,N,
290,ZH,P_OKPCH,2027,2026,PR_REG_2,smartDoc,TEL_DIG,N,
290,ZH,P_OKPCH,2027,2026,PR_REG_3,HAM_DOC,PRAXIS,N,
290,ZH,P_OKPCH,2027,2026,PR_REG_3,HMO_01,PRAXIS,N,
290,ZH,P_OKPCH,2027,2026,PR_REG_3,smartDoc,TEL_DIG,N,
312,AG,P_OKPCH,2027,2026,PR_REG_0,CareMed,PRAXIS,N,
312,AG,P_OKPCH,2027,2026,PR_REG_0,HMO,PRAXIS,N,
312,AG,P_OKPCH,2027,2026,PR_REG_0,SmartCare,TEL_DIG,N,
312,AG,P_OKPCH,2027,2026,PR_REG_0,TelFirst,TEL_DIG,N,
312,AI,P_OKPCH,2027,2026,PR_REG_0,CareMed,PRAXIS,N,
312,AI,P_OKPCH,2027,2026,PR_REG_0,HMO,PRAXIS,N,
312,AI,P_OKPCH,2027,2026,PR_REG_0,SmartCare,TEL_DIG,N,
312,AI,P_OKPCH,2027,2026,PR_REG_0,TelFirst,TEL_DIG,N,
312,AR,P_OKPCH,2027,2026,PR_REG_0,CareMed,PRAXIS,N,
312,AR,P_OKPCH,2027,2026,PR_REG_0,HMO,PRAXIS,N,
312,AR,P_OKPCH,2027,2026,PR_REG_0,SmartCare,TEL_DIG,N,
312,AR,P_OKPCH,2027,2026,PR_REG_0,TelFirst,TEL_DIG,N,
312,BE,P_OKPCH,2027,2026,PR_REG_1,CareMed,PRAXIS,N,
312,BE,P_OKPCH,2027,2026,PR_REG_1,FlexCare,FLEX,N,
312,BE,P_OKPCH,2027,2026,PR_REG_1,HMO,PRAXIS,N,
312,BE,P_OKPCH,2027,2026,PR_REG_1,SmartCare,TEL_DIG,N,
312,BE,P_OKPCH,2027,2026,PR_REG_1,TelFirst,TEL_DIG,N,
312,BE,P_OKPCH,2027,2026,PR_REG_2,CareMed,PRAXIS,N,
312,BE,P_OKPCH,2027,2026,PR_REG_2,HMO,PRAXIS,N,
312,BE,P_OKPCH,2027,2026,PR_REG_2,SmartCare,TEL_DIG,N,
312,BE,P_OKPCH,2027,2026,PR_REG_2,TelFirst,TEL_DIG,N,
312,BE,P_OKPCH,2027,2026,PR_REG_3,CareMed,PRAXIS,N,
312,BE,P_OKPCH,2027,2026,PR_REG_3,HMO,PRAXIS,N,
312,BE,P_OKPCH,2027,2026,PR_REG_3,SmartCare,TEL_DIG,N,
312,BE,P_OKPCH,2027,2026,PR_REG_3,TelFirst,TEL_DIG,N,
312,BL,P_OKPCH,2027,2026,PR_REG_1,CareMed,PRAXIS,N,
312,BL,P_OKPCH,2027,2026,PR_REG_1,FlexCare,FLEX,N,
312,BL,P_OKPCH,2027,2026,PR_REG_1,HMO,PRAXIS,N,
312,BL,P_OKPCH,2027,2026,PR_REG_1,SmartCare,TEL_DIG,N,
312,BL,P_OKPCH,2027,2026,PR_REG_1,TelFirst,TEL_DIG,N,
312,BL,P_OKPCH,2027,2026,PR_REG_2,CareMed,PRAXIS,N,
312,BL,P_OKPCH,2027,2026,PR_REG_2,HMO,PRAXIS,N,
312,BL,P_OKPCH,2027,2026,PR_REG_2,SmartCare,TEL_DIG,N,
312,BL,P_OKPCH,2027,2026,PR_REG_2,TelFirst,TEL_DIG,N,
312,BS,P_OKPCH,2027,2026,PR_REG_0,CareMed,PRAXIS,N,
312,BS,P_OKPCH,2027,2026,PR_REG_0,HMO,PRAXIS,N,
312,BS,P_OKPCH,2027,2026,PR_REG_0,SmartCare,TEL_DIG,N,
312,BS,P_OKPCH,2027,2026,PR_REG_0,TelFirst,TEL_DIG,N,
312,FR,P_OKPCH,2027,2026,PR_REG_1,CareMed,PRAXIS,N,
312,FR,P_OKPCH,2027,2026,PR_REG_1,HMO,PRAXIS,N,
312,FR,P_OKPCH,2027,2026,PR_REG_1,SmartCare,TEL_DIG,N,
312,FR,P_OKPCH,2027,2026,PR_REG_1,TelFirst,TEL_DIG,N,
312,FR,P_OKPCH,2027,2026,PR_REG_2,CareMed,PRAXIS,N,
312,FR,P_OKPCH,2027,2026,PR_REG_2,HMO,PRAXIS,N,
312,FR,P_OKPCH,2027,2026,PR_REG_2,SmartCare,TEL_DIG,N,
312,FR,P_OKPCH,2027,2026,PR_REG_2,TelFirst,TEL_DIG,N,
312,GE,P_OKPCH,2027,2026,PR_REG_0,CareMed,PRAXIS,N,
312,GE,P_OKPCH,2027,2026,PR_REG_0,HMO,PRAXIS,N,
312,GE,P_OKPCH,2027,2026,PR_REG_0,SmartCare,TEL_DIG,N,
312,GE,P_OKPCH,2027,2026,PR_REG_0,TelFirst,TEL_DIG,N,
312,GL,P_OKPCH,2027,2026,PR_REG_0,CareMed,PRAXIS,N,
312,GL,P_OKPCH,2027,2026,PR_REG_0,SmartCare,TEL_DIG,N,
312,GL,P_OKPCH,2027,2026,PR_REG_0,TelFirst,TEL_DIG,N,
312,GR,P_OKPCH,2027,2026,PR_REG_1,CareMed,PRAXIS,N,
312,GR,P_OKPCH,2027,2026,PR_REG_1,SmartCare,TEL_DIG,N,
312,GR,P_OKPCH,2027,2026,PR_REG_1,TelFirst,TEL_DIG,N,
312,GR,P_OKPCH,2027,2026,PR_REG_2,CareMed,PRAXIS,N,
312,GR,P_OKPCH,2027,2026,PR_REG_2,SmartCare,TEL_DIG,N,
312,GR,P_OKPCH,2027,2026,PR_REG_2,TelFirst,TEL_DIG,N,
312,GR,P_OKPCH,2027,2026,PR_REG_3,CareMed,PRAXIS,N,
312,GR,P_OKPCH,2027,2026,PR_REG_3,SmartCare,TEL_DIG,N,
312,GR,P_OKPCH,2027,2026,PR_REG_3,TelFirst,TEL_DIG,N,
312,JU,P_OKPCH,2027,2026,PR_REG_0,CareMed,PRAXIS,N,
312,JU,P_OKPCH,2027,2026,PR_REG_0,SmartCare,TEL_DIG,N,
312,JU,P_OKPCH,2027,2026,PR_REG_0,TelFirst,TEL_DIG,N,
312,LU,P_OKPCH,2027,2026,PR_REG_1,CareMed,PRAXIS,N,
312,LU,P_OKPCH,2027,2026,PR_REG_1,FlexCare,FLEX,N,
312,LU,P_OKPCH,2027,2026,PR_REG_1,HMO,PRAXIS,N,
312,LU,P_OKPCH,2027,2026,PR_REG_1,SmartCare,TEL_DIG,N,
312,LU,P_OKPCH,2027,2026,PR_REG_1,TelFirst,TEL_DIG,N,
312,LU,P_OKPCH,2027,2026,PR_REG_2,CareMed,PRAXIS,N,
312,LU,P_OKPCH,2027,2026,PR_REG_2,HMO,PRAXIS,N,
312,LU,P_OKPCH,2027,2026,PR_REG_2,SmartCare,TEL_DIG,N,
312,LU,P_OKPCH,2027,2026,PR_REG_2,TelFirst,TEL_DIG,N,
312,LU,P_OKPCH,2027,2026,PR_REG_3,CareMed,PRAXIS,N,
312,LU,P_OKPCH,2027,2026,PR_REG_3,HMO,PRAXIS,N,
312,LU,P_OKPCH,2027,2026,PR_REG_3,SmartCare,TEL_DIG,N,
312,LU,P_OKPCH,2027,2026,PR_REG_3,TelFirst,TEL_DIG,N,
312,NE,P_OKPCH,2027,2026,PR_REG_0,CareMed,PRAXIS,N,
312,NE,P_OKPCH,2027,2026,PR_REG_0,HMO,PRAXIS,N,
312,NE,P_OKPCH,2027,2026,PR_REG_0,SmartCare,TEL_DIG,N,
312,NE,P_OKPCH,2027,2026,PR_REG_0,TelFirst,TEL_DIG,N,
312,NW,P_OKPCH,2027,2026,PR_REG_0,CareMed,PRAXIS,N,
312,NW,P_OKPCH,2027,2026,PR_REG_0,HMO,PRAXIS,N,
312,NW,P_OKPCH,2027,2026,PR_REG_0,SmartCare,TEL_DIG,N,
312,NW,P_OKPCH,2027,2026,PR_REG_0,TelFirst,TEL_DIG,N,
312,OW,P_OKPCH,2027,2026,PR_REG_0,CareMed,PRAXIS,N,
312,OW,P_OKPCH,2027,2026,PR_REG_0,HMO,PRAXIS,N,
312,OW,P_OKPCH,2027,2026,PR_REG_0,SmartCare,TEL_DIG,N,
312,OW,P_OKPCH,2027,2026,PR_REG_0,TelFirst,TEL_DIG,N,
312,SG,P_OKPCH,2027,2026,PR_REG_1,CareMed,PRAXIS,N,
312,SG,P_OKPCH,2027,2026,PR_REG_1,FlexCare,FLEX,N,
312,SG,P_OKPCH,2027,2026,PR_REG_1,HMO,PRAXIS,N,
312,SG,P_OKPCH,2027,2026,PR_REG_1,SmartCare,TEL_DIG,N,
312,SG,P_OKPCH,2027,2026,PR_REG_1,TelFirst,TEL_DIG,N,
312,SG,P_OKPCH,2027,2026,PR_REG_2,CareMed,PRAXIS,N,
312,SG,P_OKPCH,2027,2026,PR_REG_2,HMO,PRAXIS,N,
312,SG,P_OKPCH,2027,2026,PR_REG_2,SmartCare,TEL_DIG,N,
312,SG,P_OKPCH,2027,2026,PR_REG_2,TelFirst,TEL_DIG,N,
312,SG,P_OKPCH,2027,2026,PR_REG_3,CareMed,PRAXIS,N,
312,SG,P_OKPCH,2027,2026,PR_REG_3,HMO,PRAXIS,N,
312,SG,P_OKPCH,2027,2026,PR_REG_3,SmartCare,TEL_DIG,N,
312,SG,P_OKPCH,2027,2026,PR_REG_3,TelFirst,TEL_DIG,N,
312,SH,P_OKPCH,2027,2026,PR_REG_1,CareMed,PRAXIS,N,
312,SH,P_OKPCH,2027,2026,PR_REG_1,HMO,PRAXIS,N,
312,SH,P_OKPCH,2027,2026,PR_REG_1,SmartCare,TEL_DIG,N,
312,SH,P_OKPCH,2027,2026,PR_REG_1,TelFirst,TEL_DIG,N,
312,SH,P_OKPCH,2027,2026,PR_REG_2,CareMed,PRAXIS,N,
312,SH,P_OKPCH,2027,2026,PR_REG_2,HMO,PRAXIS,N,
312,SH,P_OKPCH,2027,2026,PR_REG_2,SmartCare,TEL_DIG,N,
312,SH,P_OKPCH,2027,2026,PR_REG_2,TelFirst,TEL_DIG,N,
312,SO,P_OKPCH,2027,2026,PR_REG_0,CareMed,PRAXIS,N,
312,SO,P_OKPCH,2027,2026,PR_REG_0,FlexCare,FLEX,N,
312,SO,P_OKPCH,2027,2026,PR_REG_0,HMO,PRAXIS,N,
312,SO,P_OKPCH,2027,2026,PR_REG_0,SmartCare,TEL_DIG,N,
312,SO,P_OKPCH,2027,2026,PR_REG_0,TelFirst,TEL_DIG,N,
312,SZ,P_OKPCH,2027,2026,PR_REG_0,CareMed,PRAXIS,N,
312,SZ,P_OKPCH,2027,2026,PR_REG_0,HMO,PRAXIS,N,
312,SZ,P_OKPCH,2027,2026,PR_REG_0,SmartCare,TEL_DIG,N,
312,SZ,P_OKPCH,2027,2026,PR_REG_0,TelFirst,TEL_DIG,N,
312,TG,P_OKPCH,2027,2026,PR_REG_0,CareMed,PRAXIS,N,
312,TG,P_OKPCH,2027,2026,PR_REG_0,HMO,PRAXIS,N,
312,TG,P_OKPCH,2027,2026,PR_REG_0,SmartCare,TEL_DIG,N,
312,TG,P_OKPCH,2027,2026,PR_REG_0,TelFirst,TEL_DIG,N,
312,TI,P_OKPCH,2027,2026,PR_REG_1,CareMed,PRAXIS,N,
312,TI,P_OKPCH,2027,2026,PR_REG_1,HMO,PRAXIS,N,
312,TI,P_OKPCH,2027,2026,PR_REG_1,SmartCare,TEL_DIG,N,
312,TI,P_OKPCH,2027,2026,PR_REG_1,TelFirst,TEL_DIG,N,
312,TI,P_OKPCH,2027,2026,PR_REG_2,CareMed,PRAXIS,N,
312,TI,P_OKPCH,2027,2026,PR_REG_2,HMO,PRAXIS,N,
312,TI,P_OKPCH,2027,2026,PR_REG_2,SmartCare,TEL_DIG,N,
312,TI,P_OKPCH,2027,2026,PR_REG_2,TelFirst,TEL_DIG,N,
312,UR,P_OKPCH,2027,2026,PR_REG_0,CareMed,PRAXIS,N,
312,UR,P_OKPCH,2027,2026,PR_REG_0,HMO,PRAXIS,N,
312,UR,P_OKPCH,2027,2026,PR_REG_0,SmartCare,TEL_DIG,N,
312,UR,P_OKPCH,2027,2026,PR_REG_0,TelFirst,TEL_DIG,N,
312,VD,P_OKPCH,2027,2026,PR_REG_1,CareMed,PRAXIS,N,
312,VD,P_OKPCH,2027,2026,PR_REG_1,HMO,PRAXIS,N,
312,VD,P_OKPCH,2027,2026,PR_REG_1,SmartCare,TEL_DIG,N,
312,VD,P_OKPCH,2027,2026,PR_REG_1,TelFirst,TEL_DIG,N,
312,VD,P_OKPCH,2027,2026,PR_REG_2,CareMed,PRAXIS,N,
312,VD,P_OKPCH,2027,2026,PR_REG_2,HMO,PRAXIS,N,
312,VD,P_OKPCH,2027,2026,PR_REG_2,SmartCare,TEL_DIG,N,
312,VD,P_OKPCH,2027,2026,PR_REG_2,TelFirst,TEL_DIG,N,
312,VS,P_OKPCH,2027,2026,PR_REG_1,CareMed,PRAXIS,N,
312,VS,P_OKPCH,2027,2026,PR_REG_1,HMO,PRAXIS,N,
312,VS,P_OKPCH,2027,2026,PR_REG_1,SmartCare,TEL_DIG,N,
312,VS,P_OKPCH,2027,2026,PR_REG_1,TelFirst,TEL_DIG,N,
312,VS,P_OKPCH,2027,2026,PR_REG_2,CareMed,PRAXIS,N,
312,VS,P_OKPCH,2027,2026,PR_REG_2,SmartCare,TEL_DIG,N,
312,VS,P_OKPCH,2027,2026,PR_REG_2,TelFirst,TEL_DIG,N,
312,ZG,P_OKPCH,2027,2026,PR_REG_0,CareMed,PRAXIS,N,
312,ZG,P_OKPCH,2027,2026,PR_REG_0,FlexCare,FLEX,N,
312,ZG,P_OKPCH,2027,2026,PR_REG_0,HMO,PRAXIS,N,
312,ZG,P_OKPCH,2027,2026,PR_REG_0,SmartCare,TEL_DIG,N,
312,ZG,P_OKPCH,2027,2026,PR_REG_0,TelFirst,TEL_DIG,N,
312,ZH,P_OKPCH,2027,2026,PR_REG_1,CareMed,PRAXIS,N,
312,ZH,P_OKPCH,2027,2026,PR_REG_1,FlexCare,FLEX,N,
312,ZH,P_OKPCH,2027,2026,PR_REG_1,HMO,PRAXIS,N,
312,ZH,P_OKPCH,2027,2026,PR_REG_1,SmartCare,TEL_DIG,N,
312,ZH,P_OKPCH,2027,2026,PR_REG_1,TelFirst,TEL_DIG,N,
312,ZH,P_OKPCH,2027,2026,PR_REG_2,CareMed,PRAXIS,N,
312,ZH,P_OKPCH,2027,2026,PR_REG_2,HMO,PRAXIS,N,
312,ZH,P_OKPCH,2027,2026,PR_REG_2,SmartCare,TEL_DIG,N,
312,ZH,P_OKPCH,2027,2026,PR_REG_2,TelFirst,TEL_DIG,N,
312,ZH,P_OKPCH,2027,2026,PR_REG_3,CareMed,PRAXIS,N,
312,ZH,P_OKPCH,2027,2026,PR_REG_3,HMO,PRAXIS,N,
312,ZH,P_OKPCH,2027,2026,PR_REG_3,SmartCare,TEL_DIG,N,
312,ZH,P_OKPCH,2027,2026,PR_REG_3,TelFirst,TEL_DIG,N,
343,AG,P_OKPCH,2027,2026,PR_REG_0,OptiMed,PRAXIS,N,
343,AG,P_OKPCH,2027,2026,PR_REG_0,PrimaCare,PRAXIS,N,
343,AG,P_OKPCH,2027,2026,PR_REG_0,PrimaFlex,FLEX,N,
343,AG,P_OKPCH,2027,2026,PR_REG_0,SanaTel,TEL_DIG,N,
343,AI,P_OKPCH,2027,2026,PR_REG_0,OptiMed,PRAXIS,N,
343,AI,P_OKPCH,2027,2026,PR_REG_0,PrimaCare,PRAXIS,N,
343,AI,P_OKPCH,2027,2026,PR_REG_0,PrimaFlex,FLEX,N,
343,AI,P_OKPCH,2027,2026,PR_REG_0,SanaTel,TEL_DIG,N,
343,AR,P_OKPCH,2027,2026,PR_REG_0,OptiMed,PRAXIS,N,
343,AR,P_OKPCH,2027,2026,PR_REG_0,PrimaCare,PRAXIS,N,
343,AR,P_OKPCH,2027,2026,PR_REG_0,PrimaFlex,FLEX,N,
343,AR,P_OKPCH,2027,2026,PR_REG_0,SanaTel,TEL_DIG,N,
343,BE,P_OKPCH,2027,2026,PR_REG_1,OptiMed,PRAXIS,N,
343,BE,P_OKPCH,2027,2026,PR_REG_1,PrimaCare,PRAXIS,N,
343,BE,P_OKPCH,2027,2026,PR_REG_1,PrimaFlex,FLEX,N,
343,BE,P_OKPCH,2027,2026,PR_REG_1,SanaTel,TEL_DIG,N,
343,BE,P_OKPCH,2027,2026,PR_REG_2,OptiMed,PRAXIS,N,
343,BE,P_OKPCH,2027,2026,PR_REG_2,PrimaCare,PRAXIS,N,
343,BE,P_OKPCH,2027,2026,PR_REG_2,PrimaFlex,FLEX,N,
343,BE,P_OKPCH,2027,2026,PR_REG_2,SanaTel,TEL_DIG,N,
343,BE,P_OKPCH,2027,2026,PR_REG_3,OptiMed,PRAXIS,N,
343,BE,P_OKPCH,2027,2026,PR_REG_3,PrimaCare,PRAXIS,N,
343,BE,P_OKPCH,2027,2026,PR_REG_3,PrimaFlex,FLEX,N,
343,BE,P_OKPCH,2027,2026,PR_REG_3,SanaTel,TEL_DIG,N,
343,BL,P_OKPCH,2027,2026,PR_REG_1,OptiMed,PRAXIS,N,
343,BL,P_OKPCH,2027,2026,PR_REG_1,PrimaCare,PRAXIS,N,
343,BL,P_OKPCH,2027,2026,PR_REG_1,PrimaFlex,FLEX,N,
343,BL,P_OKPCH,2027,2026,PR_REG_1,SanaTel,TEL_DIG,N,
343,BL,P_OKPCH,2027,2026,PR_REG_2,OptiMed,PRAXIS,N,
343,BL,P_OKPCH,2027,2026,PR_REG_2,PrimaCare,PRAXIS,N,
343,BL,P_OKPCH,2027,2026,PR_REG_2,PrimaFlex,FLEX,N,
343,BL,P_OKPCH,2027,2026,PR_REG_2,SanaTel,TEL_DIG,N,
343,BS,P_OKPCH,2027,2026,PR_REG_0,OptiMed,PRAXIS,N,
343,BS,P_OKPCH,2027,2026,PR_REG_0,PrimaCare,PRAXIS,N,
343,BS,P_OKPCH,2027,2026,PR_REG_0,PrimaFlex,FLEX,N,
343,BS,P_OKPCH,2027,2026,PR_REG_0,SanaTel,TEL_DIG,N,
343,FR,P_OKPCH,2027,2026,PR_REG_1,OptiMed,PRAXIS,N,
343,FR,P_OKPCH,2027,2026,PR_REG_1,PrimaCare,PRAXIS,N,
343,FR,P_OKPCH,2027,2026,PR_REG_1,PrimaFlex,FLEX,N,
343,FR,P_OKPCH,2027,2026,PR_REG_1,SanaTel,TEL_DIG,N,
343,FR,P_OKPCH,2027,2026,PR_REG_2,OptiMed,PRAXIS,N,
343,FR,P_OKPCH,2027,2026,PR_REG_2,PrimaCare,PRAXIS,N,
343,FR,P_OKPCH,2027,2026,PR_REG_2,PrimaFlex,FLEX,N,
343,FR,P_OKPCH,2027,2026,PR_REG_2,SanaTel,TEL_DIG,N,
343,GE,P_OKPCH,2027,2026,PR_REG_0,OptiMed,PRAXIS,N,
343,GE,P_OKPCH,2027,2026,PR_REG_0,PrimaCare,PRAXIS,N,
343,GE,P_OKPCH,2027,2026,PR_REG_0,PrimaFlex,FLEX,N,
343,GE,P_OKPCH,2027,2026,PR_REG_0,SanaTel,TEL_DIG,N,
343,GL,P_OKPCH,2027,2026,PR_REG_0,PrimaCare,PRAXIS,N,
343,GL,P_OKPCH,2027,2026,PR_REG_0,PrimaFlex,FLEX,N,
343,GL,P_OKPCH,2027,2026,PR_REG_0,SanaTel,TEL_DIG,N,
343,GR,P_OKPCH,2027,2026,PR_REG_1,OptiMed,PRAXIS,N,
343,GR,P_OKPCH,2027,2026,PR_REG_1,PrimaCare,PRAXIS,N,
343,GR,P_OKPCH,2027,2026,PR_REG_1,PrimaFlex,FLEX,N,
343,GR,P_OKPCH,2027,2026,PR_REG_1,SanaTel,TEL_DIG,N,
343,GR,P_OKPCH,2027,2026,PR_REG_2,OptiMed,PRAXIS,N,
343,GR,P_OKPCH,2027,2026,PR_REG_2,PrimaCare,PRAXIS,N,
343,GR,P_OKPCH,2027,2026,PR_REG_2,PrimaFlex,FLEX,N,
343,GR,P_OKPCH,2027,2026,PR_REG_2,SanaTel,TEL_DIG,N,
343,GR,P_OKPCH,2027,2026,PR_REG_3,OptiMed,PRAXIS,N,
343,GR,P_OKPCH,2027,2026,PR_REG_3,PrimaCare,PRAXIS,N,
343,GR,P_OKPCH,2027,2026,PR_REG_3,PrimaFlex,FLEX,N,
343,GR,P_OKPCH,2027,2026,PR_REG_3,SanaTel,TEL_DIG,N,
343,JU,P_OKPCH,2027,2026,PR_REG_0,OptiMed,PRAXIS,N,
343,JU,P_OKPCH,2027,2026,PR_REG_0,PrimaCare,PRAXIS,N,
343,JU,P_OKPCH,2027,2026,PR_REG_0,PrimaFlex,FLEX,N,
343,JU,P_OKPCH,2027,2026,PR_REG_0,SanaTel,TEL_DIG,N,
343,LU,P_OKPCH,2027,2026,PR_REG_1,OptiMed,PRAXIS,N,
343,LU,P_OKPCH,2027,2026,PR_REG_1,PrimaCare,PRAXIS,N,
343,LU,P_OKPCH,2027,2026,PR_REG_1,PrimaFlex,FLEX,N,
343,LU,P_OKPCH,2027,2026,PR_REG_1,SanaTel,TEL_DIG,N,
343,LU,P_OKPCH,2027,2026,PR_REG_2,OptiMed,PRAXIS,N,
343,LU,P_OKPCH,2027,2026,PR_REG_2,PrimaCare,PRAXIS,N,
343,LU,P_OKPCH,2027,2026,PR_REG_2,PrimaFlex,FLEX,N,
343,LU,P_OKPCH,2027,2026,PR_REG_2,SanaTel,TEL_DIG,N,
343,LU,P_OKPCH,2027,2026,PR_REG_3,OptiMed,PRAXIS,N,
343,LU,P_OKPCH,2027,2026,PR_REG_3,PrimaCare,PRAXIS,N,
343,LU,P_OKPCH,2027,2026,PR_REG_3,PrimaFlex,FLEX,N,
343,LU,P_OKPCH,2027,2026,PR_REG_3,SanaTel,TEL_DIG,N,
343,NE,P_OKPCH,2027,2026,PR_REG_0,OptiMed,PRAXIS,N,
343,NE,P_OKPCH,2027,2026,PR_REG_0,PrimaCare,PRAXIS,N,
343,NE,P_OKPCH,2027,2026,PR_REG_0,PrimaFlex,FLEX,N,
343,NE,P_OKPCH,2027,2026,PR_REG_0,SanaTel,TEL_DIG,N,
343,NW,P_OKPCH,2027,2026,PR_REG_0,OptiMed,PRAXIS,N,
343,NW,P_OKPCH,2027,2026,PR_REG_0,PrimaCare,PRAXIS,N,
343,NW,P_OKPCH,2027,2026,PR_REG_0,PrimaFlex,FLEX,N,
343,NW,P_OKPCH,2027,2026,PR_REG_0,SanaTel,TEL_DIG,N,
343,OW,P_OKPCH,2027,2026,PR_REG_0,PrimaCare,PRAXIS,N,
343,OW,P_OKPCH,2027,2026,PR_REG_0,PrimaFlex,FLEX,N,
343,OW,P_OKPCH,2027,2026,PR_REG_0,SanaTel,TEL_DIG,N,
343,SG,P_OKPCH,2027,2026,PR_REG_1,OptiMed,PRAXIS,N,
343,SG,P_OKPCH,2027,2026,PR_REG_1,PrimaCare,PRAXIS,N,
343,SG,P_OKPCH,2027,2026,PR_REG_1,PrimaFlex,FLEX,N,
343,SG,P_OKPCH,2027,2026,PR_REG_1,SanaTel,TEL_DIG,N,
343,SG,P_OKPCH,2027,2026,PR_REG_2,OptiMed,PRAXIS,N,
343,SG,P_OKPCH,2027,2026,PR_REG_2,PrimaCare,PRAXIS,N,
343,SG,P_OKPCH,2027,2026,PR_REG_2,PrimaFlex,FLEX,N,
343,SG,P_OKPCH,2027,2026,PR_REG_2,SanaTel,TEL_DIG,N,
343,SG,P_OKPCH,2027,2026,PR_REG_3,OptiMed,PRAXIS,N,
343,SG,P_OKPCH,2027,2026,PR_REG_3,PrimaCare,PRAXIS,N,
343,SG,P_OKPCH,2027,2026,PR_REG_3,PrimaFlex,FLEX,N,
343,SG,P_OKPCH,2027,2026,PR_REG_3,SanaTel,TEL_DIG,N,
343,SH,P_OKPCH,2027,2026,PR_REG_1,OptiMed,PRAXIS,N,
343,SH,P_OKPCH,2027,2026,PR_REG_1,PrimaCare,PRAXIS,N,
343,SH,P_OKPCH,2027,2026,PR_REG_1,PrimaFlex,FLEX,N,
343,SH,P_OKPCH,2027,2026,PR_REG_1,SanaTel,TEL_DIG,N,
343,SH,P_OKPCH,2027,2026,PR_REG_2,OptiMed,PRAXIS,N,
343,SH,P_OKPCH,2027,2026,PR_REG_2,PrimaCare,PRAXIS,N,
343,SH,P_OKPCH,2027,2026,PR_REG_2,PrimaFlex,FLEX,N,
343,SH,P_OKPCH,2027,2026,PR_REG_2,SanaTel,TEL_DIG,N,
343,SO,P_OKPCH,2027,2026,PR_REG_0,OptiMed,PRAXIS,N,
343,SO,P_OKPCH,2027,2026,PR_REG_0,PrimaCare,PRAXIS,N,
343,SO,P_OKPCH,2027,2026,PR_REG_0,PrimaFlex,FLEX,N,
343,SO,P_OKPCH,2027,2026,PR_REG_0,SanaTel,TEL_DIG,N,
343,SZ,P_OKPCH,2027,2026,PR_REG_0,OptiMed,PRAXIS,N,
343,SZ,P_OKPCH,2027,2026,PR_REG_0,PrimaCare,PRAXIS,N,
343,SZ,P_OKPCH,2027,2026,PR_REG_0,PrimaFlex,FLEX,N,
343,SZ,P_OKPCH,2027,2026,PR_REG_0,SanaTel,TEL_DIG,N,
343,TG,P_OKPCH,2027,2026,PR_REG_0,OptiMed,PRAXIS,N,
343,TG,P_OKPCH,2027,2026,PR_REG_0,PrimaCare,PRAXIS,N,
343,TG,P_OKPCH,2027,2026,PR_REG_0,PrimaFlex,FLEX,N,
343,TG,P_OKPCH,2027,2026,PR_REG_0,SanaTel,TEL_DIG,N,
343,TI,P_OKPCH,2027,2026,PR_REG_1,PrimaCare,PRAXIS,N,
343,TI,P_OKPCH,2027,2026,PR_REG_1,PrimaFlex,FLEX,N,
343,TI,P_OKPCH,2027,2026,PR_REG_1,SanaTel,TEL_DIG,N,
343,TI,P_OKPCH,2027,2026,PR_REG_2,PrimaCare,PRAXIS,N,
343,TI,P_OKPCH,2027,2026,PR_REG_2,PrimaFlex,FLEX,N,
343,TI,P_OKPCH,2027,2026,PR_REG_2,SanaTel,TEL_DIG,N,
343,UR,P_OKPCH,2027,2026,PR_REG_0,OptiMed,PRAXIS,N,
343,UR,P_OKPCH,2027,2026,PR_REG_0,PrimaCare,PRAXIS,N,
343,UR,P_OKPCH,2027,2026,PR_REG_0,PrimaFlex,FLEX,N,
343,UR,P_OKPCH,2027,2026,PR_REG_0,SanaTel,TEL_DIG,N,
343,VD,P_OKPCH,2027,2026,PR_REG_1,OptiMed,PRAXIS,N,
343,VD,P_OKPCH,2027,2026,PR_REG_1,PrimaCare,PRAXIS,N,
343,VD,P_OKPCH,2027,2026,PR_REG_1,PrimaFlex,FLEX,N,
343,VD,P_OKPCH,2027,2026,PR_REG_1,SanaTel,TEL_DIG,N,
343,VD,P_OKPCH,2027,2026,PR_REG_2,OptiMed,PRAXIS,N,
343,VD,P_OKPCH,2027,2026,PR_REG_2,PrimaCare,PRAXIS,N,
343,VD,P_OKPCH,2027,2026,PR_REG_2,PrimaFlex,FLEX,N,
343,VD,P_OKPCH,2027,2026,PR_REG_2,SanaTel,TEL_DIG,N,
343,VS,P_OKPCH,2027,2026,PR_REG_1,OptiMed,PRAXIS,N,
343,VS,P_OKPCH,2027,2026,PR_REG_1,PrimaCare,PRAXIS,N,
343,VS,P_OKPCH,2027,2026,PR_REG_1,PrimaFlex,FLEX,N,
343,VS,P_OKPCH,2027,2026,PR_REG_1,SanaTel,TEL_DIG,N,
343,VS,P_OKPCH,2027,2026,PR_REG_2,OptiMed,PRAXIS,N,
343,VS,P_OKPCH,2027,2026,PR_REG_2,PrimaCare,PRAXIS,N,
343,VS,P_OKPCH,2027,2026,PR_REG_2,PrimaFlex,FLEX,N,
343,VS,P_OKPCH,2027,2026,PR_REG_2,SanaTel,TEL_DIG,N,
343,ZG,P_OKPCH,2027,2026,PR_REG_0,OptiMed,PRAXIS,N,
343,ZG,P_OKPCH,2027,2026,PR_REG_0,PrimaCare,PRAXIS,N,
343,ZG,P_OKPCH,2027,2026,PR_REG_0,PrimaFlex,FLEX,N,
343,ZG,P_OKPCH,2027,2026,PR_REG_0,SanaTel,TEL_DIG,N,
343,ZH,P_OKPCH,2027,2026,PR_REG_1,OptiMed,PRAXIS,N,
343,ZH,P_OKPCH,2027,2026,PR_REG_1,PrimaCare,PRAXIS,N,
343,ZH,P_OKPCH,2027,2026,PR_REG_1,PrimaFlex,FLEX,N,
343,ZH,P_OKPCH,2027,2026,PR_REG_1,SanaTel,TEL_DIG,N,
343,ZH,P_OKPCH,2027,2026,PR_REG_2,OptiMed,PRAXIS,N,
343,ZH,P_OKPCH,2027,2026,PR_REG_2,PrimaCare,PRAXIS,N,
343,ZH,P_OKPCH,2027,2026,PR_REG_2,PrimaFlex,FLEX,N,
343,ZH,P_OKPCH,2027,2026,PR_REG_2,SanaTel,TEL_DIG,N,
343,ZH,P_OKPCH,2027,2026,PR_REG_3,OptiMed,PRAXIS,N,
343,ZH,P_OKPCH,2027,2026,PR_REG_3,PrimaCare,PRAXIS,N,
343,ZH,P_OKPCH,2027,2026,PR_REG_3,PrimaFlex,FLEX,N,
343,ZH,P_OKPCH,2027,2026,PR_REG_3,SanaTel,TEL_DIG,N,
360,AG,P_OKPCH,2027,2026,PR_REG_0,HM1,PRAXIS,N,
360,AG,P_OKPCH,2027,2026,PR_REG_0,TM1,TEL_DIG,N,
360,BE,P_OKPCH,2027,2026,PR_REG_1,HM1,PRAXIS,N,
360,BE,P_OKPCH,2027,2026,PR_REG_1,TM1,TEL_DIG,N,
360,BE,P_OKPCH,2027,2026,PR_REG_2,HM1,PRAXIS,N,
360,BE,P_OKPCH,2027,2026,PR_REG_2,TM1,TEL_DIG,N,
360,BE,P_OKPCH,2027,2026,PR_REG_3,HM1,PRAXIS,N,
360,BE,P_OKPCH,2027,2026,PR_REG_3,TM1,TEL_DIG,N,
360,LU,P_OKPCH,2027,2026,PR_REG_1,HM1,PRAXIS,N,
360,LU,P_OKPCH,2027,2026,PR_REG_1,TM1,TEL_DIG,N,
360,LU,P_OKPCH,2027,2026,PR_REG_2,HM1,PRAXIS,N,
360,LU,P_OKPCH,2027,2026,PR_REG_2,TM1,TEL_DIG,N,
360,LU,P_OKPCH,2027,2026,PR_REG_3,HM1,PRAXIS,N,
360,LU,P_OKPCH,2027,2026,PR_REG_3,TM1,TEL_DIG,N,
360,NW,P_OKPCH,2027,2026,PR_REG_0,HM1,PRAXIS,N,
360,NW,P_OKPCH,2027,2026,PR_REG_0,TM1,TEL_DIG,N,
360,OW,P_OKPCH,2027,2026,PR_REG_0,HM1,PRAXIS,N,
360,OW,P_OKPCH,2027,2026,PR_REG_0,TM1,TEL_DIG,N,
360,SO,P_OKPCH,2027,2026,PR_REG_0,HM1,PRAXIS,N,
360,SO,P_OKPCH,2027,2026,PR_REG_0,TM1,TEL_DIG,N,
360,SZ,P_OKPCH,2027,2026,PR_REG_0,HM1,PRAXIS,N,
360,SZ,P_OKPCH,2027,2026,PR_REG_0,TM1,TEL_DIG,N,
360,UR,P_OKPCH,2027,2026,PR_REG_0,HM1,PRAXIS,N,
360,UR,P_OKPCH,2027,2026,PR_REG_0,TM1,TEL_DIG,N,
360,ZG,P_OKPCH,2027,2026,PR_REG_0,HM1,PRAXIS,N,
360,ZG,P_OKPCH,2027,2026,PR_REG_0,TM1,TEL_DIG,N,
360,ZH,P_OKPCH,2027,2026,PR_REG_1,HM1,PRAXIS,N,
360,ZH,P_OKPCH,2027,2026,PR_REG_1,TM1,TEL_DIG,N,
360,ZH,P_OKPCH,2027,2026,PR_REG_2,HM1,PRAXIS,N,
360,ZH,P_OKPCH,2027,2026,PR_REG_2,TM1,TEL_DIG,N,
360,ZH,P_OKPCH,2027,2026,PR_REG_3,HM1,PRAXIS,N,
360,ZH,P_OKPCH,2027,2026,PR_REG_3,TM1,TEL_DIG,N,
376,AG,P_OKPCH,2027,2026,PR_REG_0,HMO_A,PRAXIS,N,
376,AG,P_OKPCH,2027,2026,PR_REG_0,KPTwindoc,PRAXIS,N,
376,AG,P_OKPCH,2027,2026,PR_REG_0,KPTwineasy,TEL_DIG,N,
376,AG,P_OKPCH,2027,2026,PR_REG_0,KPTwinsmart,TEL_DIG,N,
376,AG,P_OKPCH,2027,2026,PR_REG_0,KPTwinwin,FLEX,N,
376,AI,P_OKPCH,2027,2026,PR_REG_0,HMO_A,PRAXIS,N,
376,AI,P_OKPCH,2027,2026,PR_REG_0,KPTwindoc,PRAXIS,N,
376,AI,P_OKPCH,2027,2026,PR_REG_0,KPTwineasy,TEL_DIG,N,
376,AI,P_OKPCH,2027,2026,PR_REG_0,KPTwinsmart,TEL_DIG,N,
376,AI,P_OKPCH,2027,2026,PR_REG_0,KPTwinwin,FLEX,N,
376,AR,P_OKPCH,2027,2026,PR_REG_0,HMO_A,PRAXIS,N,
376,AR,P_OKPCH,2027,2026,PR_REG_0,KPTwindoc,PRAXIS,N,
376,AR,P_OKPCH,2027,2026,PR_REG_0,KPTwineasy,TEL_DIG,N,
376,AR,P_OKPCH,2027,2026,PR_REG_0,KPTwinsmart,TEL_DIG,N,
376,AR,P_OKPCH,2027,2026,PR_REG_0,KPTwinwin,FLEX,N,
376,BE,P_OKPCH,2027,2026,PR_REG_1,HMO_A,PRAXIS,N,
376,BE,P_OKPCH,2027,2026,PR_REG_1,KPTwindoc,PRAXIS,N,
376,BE,P_OKPCH,2027,2026,PR_REG_1,KPTwineasy,TEL_DIG,N,
376,BE,P_OKPCH,2027,2026,PR_REG_1,KPTwinsmart,TEL_DIG,N,
376,BE,P_OKPCH,2027,2026,PR_REG_1,KPTwinwin,FLEX,N,
376,BE,P_OKPCH,2027,2026,PR_REG_2,HMO_A,PRAXIS,N,
376,BE,P_OKPCH,2027,2026,PR_REG_2,KPTwindoc,PRAXIS,N,
376,BE,P_OKPCH,2027,2026,PR_REG_2,KPTwineasy,TEL_DIG,N,
376,BE,P_OKPCH,2027,2026,PR_REG_2,KPTwinsmart,TEL_DIG,N,
376,BE,P_OKPCH,2027,2026,PR_REG_2,KPTwinwin,FLEX,N,
376,BE,P_OKPCH,2027,2026,PR_REG_3,HMO_A,PRAXIS,N,
376,BE,P_OKPCH,2027,2026,PR_REG_3,KPTwindoc,PRAXIS,N,
376,BE,P_OKPCH,2027,2026,PR_REG_3,KPTwineasy,TEL_DIG,N,
376,BE,P_OKPCH,2027,2026,PR_REG_3,KPTwinsmart,TEL_DIG,N,
376,BE,P_OKPCH,2027,2026,PR_REG_3,KPTwinwin,FLEX,N,
376,BL,P_OKPCH,2027,2026,PR_REG_1,HMO_A,PRAXIS,N,
376,BL,P_OKPCH,2027,2026,PR_REG_1,KPTwindoc,PRAXIS,N,
376,BL,P_OKPCH,2027,2026,PR_REG_1,KPTwineasy,TEL_DIG,N,
376,BL,P_OKPCH,2027,2026,PR_REG_1,KPTwinsmart,TEL_DIG,N,
376,BL,P_OKPCH,2027,2026,PR_REG_1,KPTwinwin,FLEX,N,
376,BL,P_OKPCH,2027,2026,PR_REG_2,HMO_A,PRAXIS,N,
376,BL,P_OKPCH,2027,2026,PR_REG_2,KPTwindoc,PRAXIS,N,
376,BL,P_OKPCH,2027,2026,PR_REG_2,KPTwineasy,TEL_DIG,N,
376,BL,P_OKPCH,2027,2026,PR_REG_2,KPTwinsmart,TEL_DIG,N,
376,BL,P_OKPCH,2027,2026,PR_REG_2,KPTwinwin,FLEX,N,
376,BS,P_OKPCH,2027,2026,PR_REG_0,HMO_A,PRAXIS,N,
376,BS,P_OKPCH,2027,2026,PR_REG_0,KPTwindoc,PRAXIS,N,
376,BS,P_OKPCH,2027,2026,PR_REG_0,KPTwineasy,TEL_DIG,N,
376,BS,P_OKPCH,2027,2026,PR_REG_0,KPTwinsmart,TEL_DIG,N,
376,BS,P_OKPCH,2027,2026,PR_REG_0,KPTwinwin,FLEX,N,
376,FR,P_OKPCH,2027,2026,PR_REG_1,HMO_A,PRAXIS,N,
376,FR,P_OKPCH,2027,2026,PR_REG_1,KPTwindoc,PRAXIS,N,
376,FR,P_OKPCH,2027,2026,PR_REG_1,KPTwineasy,TEL_DIG,N,
376,FR,P_OKPCH,2027,2026,PR_REG_1,KPTwinsmart,TEL_DIG,N,
376,FR,P_OKPCH,2027,2026,PR_REG_1,KPTwinwin,FLEX,N,
376,FR,P_OKPCH,2027,2026,PR_REG_2,HMO_A,PRAXIS,N,
376,FR,P_OKPCH,2027,2026,PR_REG_2,KPTwindoc,PRAXIS,N,
376,FR,P_OKPCH,2027,2026,PR_REG_2,KPTwineasy,TEL_DIG,N,
376,FR,P_OKPCH,2027,2026,PR_REG_2,KPTwinsmart,TEL_DIG,N,
376,FR,P_OKPCH,2027,2026,PR_REG_2,KPTwinwin,FLEX,N,
376,GE,P_OKPCH,2027,2026,PR_REG_0,HMO_A,PRAXIS,N,
376,GE,P_OKPCH,2027,2026,PR_REG_0,KPTwindoc,PRAXIS,N,
376,GE,P_OKPCH,2027,2026,PR_REG_0,KPTwineasy,TEL_DIG,N,
376,GE,P_OKPCH,2027,2026,PR_REG_0,KPTwinsmart,TEL_DIG,N,
376,GE,P_OKPCH,2027,2026,PR_REG_0,KPTwinwin,FLEX,N,
376,GL,P_OKPCH,2027,2026,PR_REG_0,HMO_A,PRAXIS,N,
376,GL,P_OKPCH,2027,2026,PR_REG_0,KPTwindoc,PRAXIS,N,
376,GL,P_OKPCH,2027,2026,PR_REG_0,KPTwineasy,TEL_DIG,N,
376,GL,P_OKPCH,2027,2026,PR_REG_0,KPTwinsmart,TEL_DIG,N,
376,GL,P_OKPCH,2027,2026,PR_REG_0,KPTwinwin,FLEX,N,
376,GR,P_OKPCH,2027,2026,PR_REG_1,HMO_A,PRAXIS,N,
376,GR,P_OKPCH,2027,2026,PR_REG_1,KPTwindoc,PRAXIS,N,
376,GR,P_OKPCH,2027,2026,PR_REG_1,KPTwineasy,TEL_DIG,N,
376,GR,P_OKPCH,2027,2026,PR_REG_1,KPTwinsmart,TEL_DIG,N,
376,GR,P_OKPCH,2027,2026,PR_REG_1,KPTwinwin,FLEX,N,
376,GR,P_OKPCH,2027,2026,PR_REG_2,HMO_A,PRAXIS,N,
376,GR,P_OKPCH,2027,2026,PR_REG_2,KPTwindoc,PRAXIS,N,
376,GR,P_OKPCH,2027,2026,PR_REG_2,KPTwineasy,TEL_DIG,N,
376,GR,P_OKPCH,2027,2026,PR_REG_2,KPTwinsmart,TEL_DIG,N,
376,GR,P_OKPCH,2027,2026,PR_REG_2,KPTwinwin,FLEX,N,
376,GR,P_OKPCH,2027,2026,PR_REG_3,HMO_A,PRAXIS,N,
376,GR,P_OKPCH,2027,2026,PR_REG_3,KPTwindoc,PRAXIS,N,
376,GR,P_OKPCH,2027,2026,PR_REG_3,KPTwineasy,TEL_DIG,N,
376,GR,P_OKPCH,2027,2026,PR_REG_3,KPTwinsmart,TEL_DIG,N,
376,GR,P_OKPCH,2027,2026,PR_REG_3,KPTwinwin,FLEX,N,
376,JU,P_OKPCH,2027,2026,PR_REG_0,HMO_A,PRAXIS,N,
376,JU,P_OKPCH,2027,2026,PR_REG_0,KPTwindoc,PRAXIS,N,
376,JU,P_OKPCH,2027,2026,PR_REG_0,KPTwineasy,TEL_DIG,N,
376,JU,P_OKPCH,2027,2026,PR_REG_0,KPTwinsmart,TEL_DIG,N,
376,JU,P_OKPCH,2027,2026,PR_REG_0,KPTwinwin,FLEX,N,
376,LU,P_OKPCH,2027,2026,PR_REG_1,HMO_A,PRAXIS,N,
376,LU,P_OKPCH,2027,2026,PR_REG_1,KPTwindoc,PRAXIS,N,
376,LU,P_OKPCH,2027,2026,PR_REG_1,KPTwineasy,TEL_DIG,N,
376,LU,P_OKPCH,2027,2026,PR_REG_1,KPTwinsmart,TEL_DIG,N,
376,LU,P_OKPCH,2027,2026,PR_REG_1,KPTwinwin,FLEX,N,
376,LU,P_OKPCH,2027,2026,PR_REG_2,HMO_A,PRAXIS,N,
376,LU,P_OKPCH,2027,2026,PR_REG_2,KPTwindoc,PRAXIS,N,
376,LU,P_OKPCH,2027,2026,PR_REG_2,KPTwineasy,TEL_DIG,N,
376,LU,P_OKPCH,2027,2026,PR_REG_2,KPTwinsmart,TEL_DIG,N,
376,LU,P_OKPCH,2027,2026,PR_REG_2,KPTwinwin,FLEX,N,
376,LU,P_OKPCH,2027,2026,PR_REG_3,HMO_A,PRAXIS,N,
376,LU,P_OKPCH,2027,2026,PR_REG_3,KPTwindoc,PRAXIS,N,
376,LU,P_OKPCH,2027,2026,PR_REG_3,KPTwineasy,TEL_DIG,N,
376,LU,P_OKPCH,2027,2026,PR_REG_3,KPTwinsmart,TEL_DIG,N,
376,LU,P_OKPCH,2027,2026,PR_REG_3,KPTwinwin,FLEX,N,
376,NE,P_OKPCH,2027,2026,PR_REG_0,HMO_A,PRAXIS,N,
376,NE,P_OKPCH,2027,2026,PR_REG_0,KPTwindoc,PRAXIS,N,
376,NE,P_OKPCH,2027,2026,PR_REG_0,KPTwineasy,TEL_DIG,N,
376,NE,P_OKPCH,2027,2026,PR_REG_0,KPTwinsmart,TEL_DIG,N,
376,NE,P_OKPCH,2027,2026,PR_REG_0,KPTwinwin,FLEX,N,
376,NW,P_OKPCH,2027,2026,PR_REG_0,HMO_A,PRAXIS,N,
376,NW,P_OKPCH,2027,2026,PR_REG_0,KPTwindoc,PRAXIS,N,
376,NW,P_OKPCH,2027,2026,PR_REG_0,KPTwineasy,TEL_DIG,N,
376,NW,P_OKPCH,2027,2026,PR_REG_0,KPTwinsmart,TEL_DIG,N,
376,NW,P_OKPCH,2027,2026,PR_REG_0,KPTwinwin,FLEX,N,
376,OW,P_OKPCH,2027,2026,PR_REG_0,KPTwindoc,PRAXIS,N,
376,OW,P_OKPCH,2027,2026,PR_REG_0,KPTwineasy,TEL_DIG,N,
376,OW,P_OKPCH,2027,2026,PR_REG_0,KPTwinsmart,TEL_DIG,N,
376,OW,P_OKPCH,2027,2026,PR_REG_0,KPTwinwin,FLEX,N,
376,SG,P_OKPCH,2027,2026,PR_REG_1,HMO_A,PRAXIS,N,
376,SG,P_OKPCH,2027,2026,PR_REG_1,KPTwindoc,PRAXIS,N,
376,SG,P_OKPCH,2027,2026,PR_REG_1,KPTwineasy,TEL_DIG,N,
376,SG,P_OKPCH,2027,2026,PR_REG_1,KPTwinsmart,TEL_DIG,N,
376,SG,P_OKPCH,2027,2026,PR_REG_1,KPTwinwin,FLEX,N,
376,SG,P_OKPCH,2027,2026,PR_REG_2,HMO_A,PRAXIS,N,
376,SG,P_OKPCH,2027,2026,PR_REG_2,KPTwindoc,PRAXIS,N,
376,SG,P_OKPCH,2027,2026,PR_REG_2,KPTwineasy,TEL_DIG,N,
376,SG,P_OKPCH,2027,2026,PR_REG_2,KPTwinsmart,TEL_DIG,N,
376,SG,P_OKPCH,2027,2026,PR_REG_2,KPTwinwin,FLEX,N,
376,SG,P_OKPCH,2027,2026,PR_REG_3,HMO_A,PRAXIS,N,
376,SG,P_OKPCH,2027,2026,PR_REG_3,KPTwindoc,PRAXIS,N,
376,SG,P_OKPCH,2027,2026,PR_REG_3,KPTwineasy,TEL_DIG,N,
376,SG,P_OKPCH,2027,2026,PR_REG_3,KPTwinsmart,TEL_DIG,N,
376,SG,P_OKPCH,2027,2026,PR_REG_3,KPTwinwin,FLEX,N,
376,SH,P_OKPCH,2027,2026,PR_REG_1,HMO_A,PRAXIS,N,
376,SH,P_OKPCH,2027,2026,PR_REG_1,KPTwindoc,PRAXIS,N,
376,SH,P_OKPCH,2027,2026,PR_REG_1,KPTwineasy,TEL_DIG,N,
376,SH,P_OKPCH,2027,2026,PR_REG_1,KPTwinsmart,TEL_DIG,N,
376,SH,P_OKPCH,2027,2026,PR_REG_1,KPTwinwin,FLEX,N,
376,SH,P_OKPCH,2027,2026,PR_REG_2,HMO_A,PRAXIS,N,
376,SH,P_OKPCH,2027,2026,PR_REG_2,KPTwindoc,PRAXIS,N,
376,SH,P_OKPCH,2027,2026,PR_REG_2,KPTwineasy,TEL_DIG,N,
376,SH,P_OKPCH,2027,2026,PR_REG_2,KPTwinsmart,TEL_DIG,N,
376,SH,P_OKPCH,2027,2026,PR_REG_2,KPTwinwin,FLEX,N,
376,SO,P_OKPCH,2027,2026,PR_REG_0,HMO_A,PRAXIS,N,
376,SO,P_OKPCH,2027,2026,PR_REG_0,KPTwindoc,PRAXIS,N,
376,SO,P_OKPCH,2027,2026,PR_REG_0,KPTwineasy,TEL_DIG,N,
376,SO,P_OKPCH,2027,2026,PR_REG_0,KPTwinsmart,TEL_DIG,N,
376,SO,P_OKPCH,2027,2026,PR_REG_0,KPTwinwin,FLEX,N,
376,SZ,P_OKPCH,2027,2026,PR_REG_0,HMO_A,PRAXIS,N,
376,SZ,P_OKPCH,2027,2026,PR_REG_0,KPTwindoc,PRAXIS,N,
376,SZ,P_OKPCH,2027,2026,PR_REG_0,KPTwineasy,TEL_DIG,N,
376,SZ,P_OKPCH,2027,2026,PR_REG_0,KPTwinsmart,TEL_DIG,N,
376,SZ,P_OKPCH,2027,2026,PR_REG_0,KPTwinwin,FLEX,N,
376,TG,P_OKPCH,2027,2026,PR_REG_0,HMO_A,PRAXIS,N,
376,TG,P_OKPCH,2027,2026,PR_REG_0,KPTwindoc,PRAXIS,N,
376,TG,P_OKPCH,2027,2026,PR_REG_0,KPTwineasy,TEL_DIG,N,
376,TG,P_OKPCH,2027,2026,PR_REG_0,KPTwinsmart,TEL_DIG,N,
376,TG,P_OKPCH,2027,2026,PR_REG_0,KPTwinwin,FLEX,N,
376,TI,P_OKPCH,2027,2026,PR_REG_1,HMO_A,PRAXIS,N,
376,TI,P_OKPCH,2027,2026,PR_REG_1,KPTwindoc,PRAXIS,N,
376,TI,P_OKPCH,2027,2026,PR_REG_1,KPTwineasy,TEL_DIG,N,
376,TI,P_OKPCH,2027,2026,PR_REG_1,KPTwinsmart,TEL_DIG,N,
376,TI,P_OKPCH,2027,2026,PR_REG_1,KPTwinwin,FLEX,N,
376,TI,P_OKPCH,2027,2026,PR_REG_2,HMO_A,PRAXIS,N,
376,TI,P_OKPCH,2027,2026,PR_REG_2,KPTwindoc,PRAXIS,N,
376,TI,P_OKPCH,2027,2026,PR_REG_2,KPTwineasy,TEL_DIG,N,
376,TI,P_OKPCH,2027,2026,PR_REG_2,KPTwinsmart,TEL_DIG,N,
376,TI,P_OKPCH,2027,2026,PR_REG_2,KPTwinwin,FLEX,N,
376,UR,P_OKPCH,2027,2026,PR_REG_0,HMO_A,PRAXIS,N,
376,UR,P_OKPCH,2027,2026,PR_REG_0,KPTwindoc,PRAXIS,N,
376,UR,P_OKPCH,2027,2026,PR_REG_0,KPTwineasy,TEL_DIG,N,
376,UR,P_OKPCH,2027,2026,PR_REG_0,KPTwinsmart,TEL_DIG,N,
376,UR,P_OKPCH,2027,2026,PR_REG_0,KPTwinwin,FLEX,N,
376,VD,P_OKPCH,2027,2026,PR_REG_1,HMO_A,PRAXIS,N,
376,VD,P_OKPCH,2027,2026,PR_REG_1,KPTwindoc,PRAXIS,N,
376,VD,P_OKPCH,2027,2026,PR_REG_1,KPTwineasy,TEL_DIG,N,
376,VD,P_OKPCH,2027,2026,PR_REG_1,KPTwinsmart,TEL_DIG,N,
376,VD,P_OKPCH,2027,2026,PR_REG_1,KPTwinwin,FLEX,N,
376,VD,P_OKPCH,2027,2026,PR_REG_2,HMO_A,PRAXIS,N,
376,VD,P_OKPCH,2027,2026,PR_REG_2,KPTwindoc,PRAXIS,N,
376,VD,P_OKPCH,2027,2026,PR_REG_2,KPTwineasy,TEL_DIG,N,
376,VD,P_OKPCH,2027,2026,PR_REG_2,KPTwinsmart,TEL_DIG,N,
376,VD,P_OKPCH,2027,2026,PR_REG_2,KPTwinwin,FLEX,N,
376,VS,P_OKPCH,2027,2026,PR_REG_1,HMO_A,PRAXIS,N,
376,VS,P_OKPCH,2027,2026,PR_REG_1,KPTwindoc,PRAXIS,N,
376,VS,P_OKPCH,2027,2026,PR_REG_1,KPTwineasy,TEL_DIG,N,
376,VS,P_OKPCH,2027,2026,PR_REG_1,KPTwinsmart,TEL_DIG,N,
376,VS,P_OKPCH,2027,2026,PR_REG_1,KPTwinwin,FLEX,N,
376,VS,P_OKPCH,2027,2026,PR_REG_2,HMO_A,PRAXIS,N,
376,VS,P_OKPCH,2027,2026,PR_REG_2,KPTwindoc,PRAXIS,N,
376,VS,P_OKPCH,2027,2026,PR_REG_2,KPTwineasy,TEL_DIG,N,
376,VS,P_OKPCH,2027,2026,PR_REG_2,KPTwinsmart,TEL_DIG,N,
376,VS,P_OKPCH,2027,2026,PR_REG_2,KPTwinwin,FLEX,N,
376,ZG,P_OKPCH,2027,2026,PR_REG_0,HMO_A,PRAXIS,N,
376,ZG,P_OKPCH,2027,2026,PR_REG_0,KPTwindoc,PRAXIS,N,
376,ZG,P_OKPCH,2027,2026,PR_REG_0,KPTwineasy,TEL_DIG,N,
376,ZG,P_OKPCH,2027,2026,PR_REG_0,KPTwinsmart,TEL_DIG,N,
376,ZG,P_OKPCH,2027,2026,PR_REG_0,KPTwinwin,FLEX,N,
376,ZH,P_OKPCH,2027,2026,PR_REG_1,HMO_A,PRAXIS,N,
376,ZH,P_OKPCH,2027,2026,PR_REG_1,KPTwindoc,PRAXIS,N,
376,ZH,P_OKPCH,2027,2026,PR_REG_1,KPTwineasy,TEL_DIG,N,
376,ZH,P_OKPCH,2027,2026,PR_REG_1,KPTwinsmart,TEL_DIG,N,
376,ZH,P_OKPCH,2027,2026,PR_REG_1,KPTwinwin,FLEX,N,
376,ZH,P_OKPCH,2027,2026,PR_REG_2,HMO_A,PRAXIS,N,
376,ZH,P_OKPCH,2027,2026,PR_REG_2,KPTwindoc,PRAXIS,N,
376,ZH,P_OKPCH,2027,2026,PR_REG_2,KPTwineasy,TEL_DIG,N,
376,ZH,P_OKPCH,2027,2026,PR_REG_2,KPTwinsmart,TEL_DIG,N,
376,ZH,P_OKPCH,2027,2026,PR_REG_2,KPTwinwin,FLEX,N,
376,ZH,P_OKPCH,2027,2026,PR_REG_3,HMO_A,PRAXIS,N,
376,ZH,P_OKPCH,2027,2026,PR_REG_3,KPTwindoc,PRAXIS,N,
376,ZH,P_OKPCH,2027,2026,PR_REG_3,KPTwineasy,TEL_DIG,N,
376,ZH,P_OKPCH,2027,2026,PR_REG_3,KPTwinsmart,TEL_DIG,N,
376,ZH,P_OKPCH,2027,2026,PR_REG_3,KPTwinwin,FLEX,N,
455,AG,P_OKPCH,2027,2026,PR_REG_0,HAM_CBA,PRAXIS,N,
455,AG,P_OKPCH,2027,2026,PR_REG_0,HMO_Kt,PRAXIS,N,
455,AG,P_OKPCH,2027,2026,PR_REG_0,Select,FLEX,N,
455,AG,P_OKPCH,2027,2026,PR_REG_0,Telmed,TEL_DIG,N,
455,AI,P_OKPCH,2027,2026,PR_REG_0,HAM_CBA,PRAXIS,N,
455,AI,P_OKPCH,2027,2026,PR_REG_0,HMO_Kt,PRAXIS,N,
455,AI,P_OKPCH,2027,2026,PR_REG_0,Select,FLEX,N,
455,AI,P_OKPCH,2027,2026,PR_REG_0,Telmed,TEL_DIG,N,
455,AR,P_OKPCH,2027,2026,PR_REG_0,HAM_CBA,PRAXIS,N,
455,AR,P_OKPCH,2027,2026,PR_REG_0,HMO_Kt,PRAXIS,N,
455,AR,P_OKPCH,2027,2026,PR_REG_0,Select,FLEX,N,
455,AR,P_OKPCH,2027,2026,PR_REG_0,Telmed,TEL_DIG,N,
455,BE,P_OKPCH,2027,2026,PR_REG_1,HAM_CBA,PRAXIS,N,
455,BE,P_OKPCH,2027,2026,PR_REG_1,HMO_Kt,PRAXIS,N,
455,BE,P_OKPCH,2027,2026,PR_REG_1,Select,FLEX,N,
455,BE,P_OKPCH,2027,2026,PR_REG_1,Telmed,TEL_DIG,N,
455,BE,P_OKPCH,2027,2026,PR_REG_2,HAM_CBA,PRAXIS,N,
455,BE,P_OKPCH,2027,2026,PR_REG_2,HMO_Kt,PRAXIS,N,
455,BE,P_OKPCH,2027,2026,PR_REG_2,Select,FLEX,N,
455,BE,P_OKPCH,2027,2026,PR_REG_2,Telmed,TEL_DIG,N,
455,BE,P_OKPCH,2027,2026,PR_REG_3,HAM_CBA,PRAXIS,N,
455,BE,P_OKPCH,2027,2026,PR_REG_3,HMO_Kt,PRAXIS,N,
455,BE,P_OKPCH,2027,2026,PR_REG_3,Select,FLEX,N,
455,BE,P_OKPCH,2027,2026,PR_REG_3,Telmed,TEL_DIG,N,
455,BL,P_OKPCH,2027,2026,PR_REG_1,HAM_CBA,PRAXIS,N,
455,BL,P_OKPCH,2027,2026,PR_REG_1,HMO_Kt,PRAXIS,N,
455,BL,P_OKPCH,2027,2026,PR_REG_1,Select,FLEX,N,
455,BL,P_OKPCH,2027,2026,PR_REG_1,Telmed,TEL_DIG,N,
455,BL,P_OKPCH,2027,2026,PR_REG_2,HAM_CBA,PRAXIS,N,
455,BL,P_OKPCH,2027,2026,PR_REG_2,HMO_Kt,PRAXIS,N,
455,BL,P_OKPCH,2027,2026,PR_REG_2,Select,FLEX,N,
455,BL,P_OKPCH,2027,2026,PR_REG_2,Telmed,TEL_DIG,N,
455,BS,P_OKPCH,2027,2026,PR_REG_0,HAM_CBA,PRAXIS,N,
455,BS,P_OKPCH,2027,2026,PR_REG_0,HMO_Kt,PRAXIS,N,
455,BS,P_OKPCH,2027,2026,PR_REG_0,Select,FLEX,N,
455,BS,P_OKPCH,2027,2026,PR_REG_0,Telmed,TEL_DIG,N,
455,FR,P_OKPCH,2027,2026,PR_REG_1,HAM_CBA,PRAXIS,N,
455,FR,P_OKPCH,2027,2026,PR_REG_1,HMO_Kt,PRAXIS,N,
455,FR,P_OKPCH,2027,2026,PR_REG_1,Select,FLEX,N,
455,FR,P_OKPCH,2027,2026,PR_REG_1,Telmed,TEL_DIG,N,
455,FR,P_OKPCH,2027,2026,PR_REG_2,HAM_CBA,PRAXIS,N,
455,FR,P_OKPCH,2027,2026,PR_REG_2,HMO_Kt,PRAXIS,N,
455,FR,P_OKPCH,2027,2026,PR_REG_2,Select,FLEX,N,
455,FR,P_OKPCH,2027,2026,PR_REG_2,Telmed,TEL_DIG,N,
455,GE,P_OKPCH,2027,2026,PR_REG_0,HAM_CBA,PRAXIS,N,
455,GE,P_OKPCH,2027,2026,PR_REG_0,HMO_Kt,PRAXIS,N,
455,GE,P_OKPCH,2027,2026,PR_REG_0,Select,FLEX,N,
455,GE,P_OKPCH,2027,2026,PR_REG_0,Telmed,TEL_DIG,N,
455,GL,P_OKPCH,2027,2026,PR_REG_0,HAM_CBA,PRAXIS,N,
455,GL,P_OKPCH,2027,2026,PR_REG_0,HMO_Kt,PRAXIS,N,
455,GL,P_OKPCH,2027,2026,PR_REG_0,Select,FLEX,N,
455,GL,P_OKPCH,2027,2026,PR_REG_0,Telmed,TEL_DIG,N,
455,GR,P_OKPCH,2027,2026,PR_REG_1,HAM_CBA,PRAXIS,N,
455,GR,P_OKPCH,2027,2026,PR_REG_1,HMO_Kt,PRAXIS,N,
455,GR,P_OKPCH,2027,2026,PR_REG_1,Select,FLEX,N,
455,GR,P_OKPCH,2027,2026,PR_REG_1,Telmed,TEL_DIG,N,
455,GR,P_OKPCH,2027,2026,PR_REG_2,HAM_CBA,PRAXIS,N,
455,GR,P_OKPCH,2027,2026,PR_REG_2,HMO_Kt,PRAXIS,N,
455,GR,P_OKPCH,2027,2026,PR_REG_2,Select,FLEX,N,
455,GR,P_OKPCH,2027,2026,PR_REG_2,Telmed,TEL_DIG,N,
455,GR,P_OKPCH,2027,2026,PR_REG_3,HAM_CBA,PRAXIS,N,
455,GR,P_OKPCH,2027,2026,PR_REG_3,HMO_Kt,PRAXIS,N,
455,GR,P_OKPCH,2027,2026,PR_REG_3,Select,FLEX,N,
455,GR,P_OKPCH,2027,2026,PR_REG_3,Telmed,TEL_DIG,N,
455,JU,P_OKPCH,2027,2026,PR_REG_0,HAM_CBA,PRAXIS,N,
455,JU,P_OKPCH,2027,2026,PR_REG_0,HMO_Kt,PRAXIS,N,
455,JU,P_OKPCH,2027,2026,PR_REG_0,Select,FLEX,N,
455,JU,P_OKPCH,2027,2026,PR_REG_0,Telmed,TEL_DIG,N,
455,LU,P_OKPCH,2027,2026,PR_REG_1,HAM_CBA,PRAXIS,N,
455,LU,P_OKPCH,2027,2026,PR_REG_1,HMO_Kt,PRAXIS,N,
455,LU,P_OKPCH,2027,2026,PR_REG_1,Select,FLEX,N,
455,LU,P_OKPCH,2027,2026,PR_REG_1,Telmed,TEL_DIG,N,
455,LU,P_OKPCH,2027,2026,PR_REG_2,HAM_CBA,PRAXIS,N,
455,LU,P_OKPCH,2027,2026,PR_REG_2,HMO_Kt,PRAXIS,N,
455,LU,P_OKPCH,2027,2026,PR_REG_2,Select,FLEX,N,
455,LU,P_OKPCH,2027,2026,PR_REG_2,Telmed,TEL_DIG,N,
455,LU,P_OKPCH,2027,2026,PR_REG_3,HAM_CBA,PRAXIS,N,
455,LU,P_OKPCH,2027,2026,PR_REG_3,HMO_Kt,PRAXIS,N,
455,LU,P_OKPCH,2027,2026,PR_REG_3,Select,FLEX,N,
455,LU,P_OKPCH,2027,2026,PR_REG_3,Telmed,TEL_DIG,N,
455,NE,P_OKPCH,2027,2026,PR_REG_0,HAM_CBA,PRAXIS,N,
455,NE,P_OKPCH,2027,2026,PR_REG_0,HMO_Kt,PRAXIS,N,
455,NE,P_OKPCH,2027,2026,PR_REG_0,Select,FLEX,N,
455,NE,P_OKPCH,2027,2026,PR_REG_0,Telmed,TEL_DIG,N,
455,NW,P_OKPCH,2027,2026,PR_REG_0,HAM_CBA,PRAXIS,N,
455,NW,P_OKPCH,2027,2026,PR_REG_0,HMO_Kt,PRAXIS,N,
455,NW,P_OKPCH,2027,2026,PR_REG_0,Select,FLEX,N,
455,NW,P_OKPCH,2027,2026,PR_REG_0,Telmed,TEL_DIG,N,
455,OW,P_OKPCH,2027,2026,PR_REG_0,HAM_CBA,PRAXIS,N,
455,OW,P_OKPCH,2027,2026,PR_REG_0,HMO_Kt,PRAXIS,N,
455,OW,P_OKPCH,2027,2026,PR_REG_0,Select,FLEX,N,
455,OW,P_OKPCH,2027,2026,PR_REG_0,Telmed,TEL_DIG,N,
455,SG,P_OKPCH,2027,2026,PR_REG_1,HAM_CBA,PRAXIS,N,
455,SG,P_OKPCH,2027,2026,PR_REG_1,HMO_Kt,PRAXIS,N,
455,SG,P_OKPCH,2027,2026,PR_REG_1,Select,FLEX,N,
455,SG,P_OKPCH,2027,2026,PR_REG_1,Telmed,TEL_DIG,N,
455,SG,P_OKPCH,2027,2026,PR_REG_2,HAM_CBA,PRAXIS,N,
455,SG,P_OKPCH,2027,2026,PR_REG_2,HMO_Kt,PRAXIS,N,
455,SG,P_OKPCH,2027,2026,PR_REG_2,Select,FLEX,N,
455,SG,P_OKPCH,2027,2026,PR_REG_2,Telmed,TEL_DIG,N,
455,SG,P_OKPCH,2027,2026,PR_REG_3,HAM_CBA,PRAXIS,N,
455,SG,P_OKPCH,2027,2026,PR_REG_3,HMO_Kt,PRAXIS,N,
455,SG,P_OKPCH,2027,2026,PR_REG_3,Select,FLEX,N,
455,SG,P_OKPCH,2027,2026,PR_REG_3,Telmed,TEL_DIG,N,
455,SH,P_OKPCH,2027,2026,PR_REG_1,HAM_CBA,PRAXIS,N,
455,SH,P_OKPCH,2027,2026,PR_REG_1,HMO_Kt,PRAXIS,N,
455,SH,P_OKPCH,2027,2026,PR_REG_1,Select,FLEX,N,
455,SH,P_OKPCH,2027,2026,PR_REG_1,Telmed,TEL_DIG,N,
455,SH,P_OKPCH,2027,2026,PR_REG_2,HAM_CBA,PRAXIS,N,
455,SH,P_OKPCH,2027,2026,PR_REG_2,HMO_Kt,PRAXIS,N,
455,SH,P_OKPCH,2027,2026,PR_REG_2,Select,FLEX,N,
455,SH,P_OKPCH,2027,2026,PR_REG_2,Telmed,TEL_DIG,N,
455,SO,P_OKPCH,2027,2026,PR_REG_0,HAM_CBA,PRAXIS,N,
455,SO,P_OKPCH,2027,2026,PR_REG_0,HMO_Kt,PRAXIS,N,
455,SO,P_OKPCH,2027,2026,PR_REG_0,Select,FLEX,N,
455,SO,P_OKPCH,2027,2026,PR_REG_0,Telmed,TEL_DIG,N,
455,SZ,P_OKPCH,2027,2026,PR_REG_0,HAM_CBA,PRAXIS,N,
455,SZ,P_OKPCH,2027,2026,PR_REG_0,HMO_Kt,PRAXIS,N,
455,SZ,P_OKPCH,2027,2026,PR_REG_0,Select,FLEX,N,
455,SZ,P_OKPCH,2027,2026,PR_REG_0,Telmed,TEL_DIG,N,
455,TG,P_OKPCH,2027,2026,PR_REG_0,HAM_CBA,PRAXIS,N,
455,TG,P_OKPCH,2027,2026,PR_REG_0,HMO_Kt,PRAXIS,N,
455,TG,P_OKPCH,2027,2026,PR_REG_0,Select,FLEX,N,
455,TG,P_OKPCH,2027,2026,PR_REG_0,Telmed,TEL_DIG,N,
455,TI,P_OKPCH,2027,2026,PR_REG_1,HAM_CBA,PRAXIS,N,
455,TI,P_OKPCH,2027,2026,PR_REG_1,HMO_Kt,PRAXIS,N,
455,TI,P_OKPCH,2027,2026,PR_REG_1,Select,FLEX,N,
455,TI,P_OKPCH,2027,2026,PR_REG_1,Telmed,TEL_DIG,N,
455,TI,P_OKPCH,2027,2026,PR_REG_2,HAM_CBA,PRAXIS,N,
455,TI,P_OKPCH,2027,2026,PR_REG_2,HMO_Kt,PRAXIS,N,
455,TI,P_OKPCH,2027,2026,PR_REG_2,Select,FLEX,N,
455,TI,P_OKPCH,2027,2026,PR_REG_2,Telmed,TEL_DIG,N,
455,UR,P_OKPCH,2027,2026,PR_REG_0,HAM_CBA,PRAXIS,N,
455,UR,P_OKPCH,2027,2026,PR_REG_0,HMO_Kt,PRAXIS,N,
455,UR,P_OKPCH,2027,2026,PR_REG_0,Select,FLEX,N,
455,UR,P_OKPCH,2027,2026,PR_REG_0,Telmed,TEL_DIG,N,
455,VD,P_OKPCH,2027,2026,PR_REG_1,HAM_CBA,PRAXIS,N,
455,VD,P_OKPCH,2027,2026,PR_REG_1,HMO_Kt,PRAXIS,N,
455,VD,P_OKPCH,2027,2026,PR_REG_1,Select,FLEX,N,
455,VD,P_OKPCH,2027,2026,PR_REG_1,Telmed,TEL_DIG,N,
455,VD,P_OKPCH,2027,2026,PR_REG_2,HAM_CBA,PRAXIS,N,
455,VD,P_OKPCH,2027,2026,PR_REG_2,HMO_Kt,PRAXIS,N,
455,VD,P_OKPCH,2027,2026,PR_REG_2,Select,FLEX,N,
455,VD,P_OKPCH,2027,2026,PR_REG_2,Telmed,TEL_DIG,N,
455,VS,P_OKPCH,2027,2026,PR_REG_1,HAM_CBA,PRAXIS,N,
455,VS,P_OKPCH,2027,2026,PR_REG_1,HMO_Kt,PRAXIS,N,
455,VS,P_OKPCH,2027,2026,PR_REG_1,Select,FLEX,N,
455,VS,P_OKPCH,2027,2026,PR_REG_1,Telmed,TEL_DIG,N,
455,VS,P_OKPCH,2027,2026,PR_REG_2,HAM_CBA,PRAXIS,N,
455,VS,P_OKPCH,2027,2026,PR_REG_2,HMO_Kt,PRAXIS,N,
455,VS,P_OKPCH,2027,2026,PR_REG_2,Select,FLEX,N,
455,VS,P_OKPCH,2027,2026,PR_REG_2,Telmed,TEL_DIG,N,
455,ZG,P_OKPCH,2027,2026,PR_REG_0,HAM_CBA,PRAXIS,N,
455,ZG,P_OKPCH,2027,2026,PR_REG_0,HMO_Kt,PRAXIS,N,
455,ZG,P_OKPCH,2027,2026,PR_REG_0,Select,FLEX,N,
455,ZG,P_OKPCH,2027,2026,PR_REG_0,Telmed,TEL_DIG,N,
455,ZH,P_OKPCH,2027,2026,PR_REG_1,HAM_CBA,PRAXIS,N,
455,ZH,P_OKPCH,2027,2026,PR_REG_1,HMO_Kt,PRAXIS,N,
455,ZH,P_OKPCH,2027,2026,PR_REG_1,Select,FLEX,N,
455,ZH,P_OKPCH,2027,2026,PR_REG_1,Telmed,TEL_DIG,N,
455,ZH,P_OKPCH,2027,2026,PR_REG_2,HAM_CBA,PRAXIS,N,
455,ZH,P_OKPCH,2027,2026,PR_REG_2,HMO_Kt,PRAXIS,N,
455,ZH,P_OKPCH,2027,2026,PR_REG_2,Select,FLEX,N,
455,ZH,P_OKPCH,2027,2026,PR_REG_2,Telmed,TEL_DIG,N,
455,ZH,P_OKPCH,2027,2026,PR_REG_3,HAM_CBA,PRAXIS,N,
455,ZH,P_OKPCH,2027,2026,PR_REG_3,HMO_Kt,PRAXIS,N,
455,ZH,P_OKPCH,2027,2026,PR_REG_3,Select,FLEX,N,
455,ZH,P_OKPCH,2027,2026,PR_REG_3,Telmed,TEL_DIG,N,
509,AG,P_OKPCH,2027,2026,PR_REG_0,DIV_XBA,FLEX,N,
509,AG,P_OKPCH,2027,2026,PR_REG_0,HAM_CBA,PRAXIS,N,
509,AG,P_OKPCH,2027,2026,PR_REG_0,HAM_GBA,TEL_DIG,N,
509,AG,P_OKPCH,2027,2026,PR_REG_0,HAM_PBA,FLEX,N,
509,AG,P_OKPCH,2027,2026,PR_REG_0,HMO,PRAXIS,N,
509,AI,P_OKPCH,2027,2026,PR_REG_0,DIV_XBA,FLEX,N,
509,AI,P_OKPCH,2027,2026,PR_REG_0,HAM_CBA,PRAXIS,N,
509,AI,P_OKPCH,2027,2026,PR_REG_0,HAM_GBA,TEL_DIG,N,
509,AI,P_OKPCH,2027,2026,PR_REG_0,HAM_PBA,FLEX,N,
509,AI,P_OKPCH,2027,2026,PR_REG_0,HMO,PRAXIS,N,
509,AR,P_OKPCH,2027,2026,PR_REG_0,DIV_XBA,FLEX,N,
509,AR,P_OKPCH,2027,2026,PR_REG_0,HAM_CBA,PRAXIS,N,
509,AR,P_OKPCH,2027,2026,PR_REG_0,HAM_GBA,TEL_DIG,N,
509,AR,P_OKPCH,2027,2026,PR_REG_0,HAM_PBA,FLEX,N,
509,AR,P_OKPCH,2027,2026,PR_REG_0,HMO,PRAXIS,N,
509,BE,P_OKPCH,2027,2026,PR_REG_1,DIV_XBA,FLEX,N,
509,BE,P_OKPCH,2027,2026,PR_REG_1,HAM_CBA,PRAXIS,N,
509,BE,P_OKPCH,2027,2026,PR_REG_1,HAM_GBA,TEL_DIG,N,
509,BE,P_OKPCH,2027,2026,PR_REG_1,HAM_PBA,FLEX,N,
509,BE,P_OKPCH,2027,2026,PR_REG_1,HMO,PRAXIS,N,
509,BE,P_OKPCH,2027,2026,PR_REG_2,DIV_XBA,FLEX,N,
509,BE,P_OKPCH,2027,2026,PR_REG_2,HAM_CBA,PRAXIS,N,
509,BE,P_OKPCH,2027,2026,PR_REG_2,HAM_GBA,TEL_DIG,N,
509,BE,P_OKPCH,2027,2026,PR_REG_2,HAM_PBA,FLEX,N,
509,BE,P_OKPCH,2027,2026,PR_REG_2,HMO,PRAXIS,N,
509,BE,P_OKPCH,2027,2026,PR_REG_3,DIV_XBA,FLEX,N,
509,BE,P_OKPCH,2027,2026,PR_REG_3,HAM_CBA,PRAXIS,N,
509,BE,P_OKPCH,2027,2026,PR_REG_3,HAM_GBA,TEL_DIG,N,
509,BE,P_OKPCH,2027,2026,PR_REG_3,HAM_PBA,FLEX,N,
509,BE,P_OKPCH,2027,2026,PR_REG_3,HMO,PRAXIS,N,
509,BL,P_OKPCH,2027,2026,PR_REG_1,DIV_XBA,FLEX,N,
509,BL,P_OKPCH,2027,2026,PR_REG_1,HAM_CBA,PRAXIS,N,
509,BL,P_OKPCH,2027,2026,PR_REG_1,HAM_GBA,TEL_DIG,N,
509,BL,P_OKPCH,2027,2026,PR_REG_1,HAM_PBA,FLEX,N,
509,BL,P_OKPCH,2027,2026,PR_REG_1,HMO,PRAXIS,N,
509,BL,P_OKPCH,2027,2026,PR_REG_2,DIV_XBA,FLEX,N,
509,BL,P_OKPCH,2027,2026,PR_REG_2,HAM_CBA,PRAXIS,N,
509,BL,P_OKPCH,2027,2026,PR_REG_2,HAM_GBA,TEL_DIG,N,
509,BL,P_OKPCH,2027,2026,PR_REG_2,HAM_PBA,FLEX,N,
509,BL,P_OKPCH,2027,2026,PR_REG_2,HMO,PRAXIS,N,
509,BS,P_OKPCH,2027,2026,PR_REG_0,DIV_XBA,FLEX,N,
509,BS,P_OKPCH,2027,2026,PR_REG_0,HAM_CBA,PRAXIS,N,
509,BS,P_OKPCH,2027,2026,PR_REG_0,HAM_GBA,TEL_DIG,N,
509,BS,P_OKPCH,2027,2026,PR_REG_0,HAM_PBA,FLEX,N,
509,BS,P_OKPCH,2027,2026,PR_REG_0,HMO,PRAXIS,N,
509,FR,P_OKPCH,2027,2026,PR_REG_1,DIV_XBA,FLEX,N,
509,FR,P_OKPCH,2027,2026,PR_REG_1,HAM_CBA,PRAXIS,N,
509,FR,P_OKPCH,2027,2026,PR_REG_1,HAM_GBA,TEL_DIG,N,
509,FR,P_OKPCH,2027,2026,PR_REG_1,HAM_PBA,FLEX,N,
509,FR,P_OKPCH,2027,2026,PR_REG_1,HMO,PRAXIS,N,
509,FR,P_OKPCH,2027,2026,PR_REG_2,DIV_XBA,FLEX,N,
509,FR,P_OKPCH,2027,2026,PR_REG_2,HAM_CBA,PRAXIS,N,
509,FR,P_OKPCH,2027,2026,PR_REG_2,HAM_GBA,TEL_DIG,N,
509,FR,P_OKPCH,2027,2026,PR_REG_2,HAM_PBA,FLEX,N,
509,FR,P_OKPCH,2027,2026,PR_REG_2,HMO,PRAXIS,N,
509,GE,P_OKPCH,2027,2026,PR_REG_0,DIV_XBA,FLEX,N,
509,GE,P_OKPCH,2027,2026,PR_REG_0,HAM_CBA,PRAXIS,N,
509,GE,P_OKPCH,2027,2026,PR_REG_0,HAM_GBA,TEL_DIG,N,
509,GE,P_OKPCH,2027,2026,PR_REG_0,HAM_PBA,FLEX,N,
509,GE,P_OKPCH,2027,2026,PR_REG_0,HMO,PRAXIS,N,
509,GL,P_OKPCH,2027,2026,PR_REG_0,DIV_XBA,FLEX,N,
509,GL,P_OKPCH,2027,2026,PR_REG_0,HAM_CBA,PRAXIS,N,
509,GL,P_OKPCH,2027,2026,PR_REG_0,HAM_GBA,TEL_DIG,N,
509,GL,P_OKPCH,2027,2026,PR_REG_0,HAM_PBA,FLEX,N,
509,GL,P_OKPCH,2027,2026,PR_REG_0,HMO,PRAXIS,N,
509,GR,P_OKPCH,2027,2026,PR_REG_1,DIV_XBA,FLEX,N,
509,GR,P_OKPCH,2027,2026,PR_REG_1,HAM_CBA,PRAXIS,N,
509,GR,P_OKPCH,2027,2026,PR_REG_1,HAM_GBA,TEL_DIG,N,
509,GR,P_OKPCH,2027,2026,PR_REG_1,HAM_PBA,FLEX,N,
509,GR,P_OKPCH,2027,2026,PR_REG_1,HMO,PRAXIS,N,
509,GR,P_OKPCH,2027,2026,PR_REG_2,DIV_XBA,FLEX,N,
509,GR,P_OKPCH,2027,2026,PR_REG_2,HAM_CBA,PRAXIS,N,
509,GR,P_OKPCH,2027,2026,PR_REG_2,HAM_GBA,TEL_DIG,N,
509,GR,P_OKPCH,2027,2026,PR_REG_2,HAM_PBA,FLEX,N,
509,GR,P_OKPCH,2027,2026,PR_REG_2,HMO,PRAXIS,N,
509,GR,P_OKPCH,2027,2026,PR_REG_3,DIV_XBA,FLEX,N,
509,GR,P_OKPCH,2027,2026,PR_REG_3,HAM_CBA,PRAXIS,N,
509,GR,P_OKPCH,2027,2026,PR_REG_3,HAM_GBA,TEL_DIG,N,
509,GR,P_OKPCH,2027,2026,PR_REG_3,HAM_PBA,FLEX,N,
509,GR,P_OKPCH,2027,2026,PR_REG_3,HMO,PRAXIS,N,
509,JU,P_OKPCH,2027,2026,PR_REG_0,DIV_XBA,FLEX,N,
509,JU,P_OKPCH,2027,2026,PR_REG_0,HAM_CBA,PRAXIS,N,
509,JU,P_OKPCH,2027,2026,PR_REG_0,HAM_GBA,TEL_DIG,N,
509,JU,P_OKPCH,2027,2026,PR_REG_0,HAM_PBA,FLEX,N,
509,JU,P_OKPCH,2027,2026,PR_REG_0,HMO,PRAXIS,N,
509,LU,P_OKPCH,2027,2026,PR_REG_1,DIV_XBA,FLEX,N,
509,LU,P_OKPCH,2027,2026,PR_REG_1,HAM_CBA,PRAXIS,N,
509,LU,P_OKPCH,2027,2026,PR_REG_1,HAM_GBA,TEL_DIG,N,
509,LU,P_OKPCH,2027,2026,PR_REG_1,HAM_PBA,FLEX,N,
509,LU,P_OKPCH,2027,2026,PR_REG_1,HMO,PRAXIS,N,
509,LU,P_OKPCH,2027,2026,PR_REG_2,DIV_XBA,FLEX,N,
509,LU,P_OKPCH,2027,2026,PR_REG_2,HAM_CBA,PRAXIS,N,
509,LU,P_OKPCH,2027,2026,PR_REG_2,HAM_GBA,TEL_DIG,N,
509,LU,P_OKPCH,2027,2026,PR_REG_2,HAM_PBA,FLEX,N,
509,LU,P_OKPCH,2027,2026,PR_REG_2,HMO,PRAXIS,N,
509,LU,P_OKPCH,2027,2026,PR_REG_3,DIV_XBA,FLEX,N,
509,LU,P_OKPCH,2027,2026,PR_REG_3,HAM_CBA,PRAXIS,N,
509,LU,P_OKPCH,2027,2026,PR_REG_3,HAM_GBA,TEL_DIG,N,
509,LU,P_OKPCH,2027,2026,PR_REG_3,HAM_PBA,FLEX,N,
509,LU,P_OKPCH,2027,2026,PR_REG_3,HMO,PRAXIS,N,
509,NE,P_OKPCH,2027,2026,PR_REG_0,DIV_XBA,FLEX,N,
509,NE,P_OKPCH,2027,2026,PR_REG_0,HAM_CBA,PRAXIS,N,
509,NE,P_OKPCH,2027,2026,PR_REG_0,HAM_GBA,TEL_DIG,N,
509,NE,P_OKPCH,2027,2026,PR_REG_0,HAM_PBA,FLEX,N,
509,NE,P_OKPCH,2027,2026,PR_REG_0,HMO,PRAXIS,N,
509,NW,P_OKPCH,2027,2026,PR_REG_0,DIV_XBA,FLEX,N,
509,NW,P_OKPCH,2027,2026,PR_REG_0,HAM_CBA,PRAXIS,N,
509,NW,P_OKPCH,2027,2026,PR_REG_0,HAM_GBA,TEL_DIG,N,
509,NW,P_OKPCH,2027,2026,PR_REG_0,HAM_PBA,FLEX,N,
509,NW,P_OKPCH,2027,2026,PR_REG_0,HMO,PRAXIS,N,
509,OW,P_OKPCH,2027,2026,PR_REG_0,DIV_XBA,FLEX,N,
509,OW,P_OKPCH,2027,2026,PR_REG_0,HAM_CBA,PRAXIS,N,
509,OW,P_OKPCH,2027,2026,PR_REG_0,HAM_GBA,TEL_DIG,N,
509,OW,P_OKPCH,2027,2026,PR_REG_0,HAM_PBA,FLEX,N,
509,OW,P_OKPCH,2027,2026,PR_REG_0,HMO,PRAXIS,N,
509,SG,P_OKPCH,2027,2026,PR_REG_1,DIV_XBA,FLEX,N,
509,SG,P_OKPCH,2027,2026,PR_REG_1,HAM_CBA,PRAXIS,N,
509,SG,P_OKPCH,2027,2026,PR_REG_1,HAM_GBA,TEL_DIG,N,
509,SG,P_OKPCH,2027,2026,PR_REG_1,HAM_PBA,FLEX,N,
509,SG,P_OKPCH,2027,2026,PR_REG_1,HMO,PRAXIS,N,
509,SG,P_OKPCH,2027,2026,PR_REG_2,DIV_XBA,FLEX,N,
509,SG,P_OKPCH,2027,2026,PR_REG_2,HAM_CBA,PRAXIS,N,
509,SG,P_OKPCH,2027,2026,PR_REG_2,HAM_GBA,TEL_DIG,N,
509,SG,P_OKPCH,2027,2026,PR_REG_2,HAM_PBA,FLEX,N,
509,SG,P_OKPCH,2027,2026,PR_REG_2,HMO,PRAXIS,N,
509,SG,P_OKPCH,2027,2026,PR_REG_3,DIV_XBA,FLEX,N,
509,SG,P_OKPCH,2027,2026,PR_REG_3,HAM_CBA,PRAXIS,N,
509,SG,P_OKPCH,2027,2026,PR_REG_3,HAM_GBA,TEL_DIG,N,
509,SG,P_OKPCH,2027,2026,PR_REG_3,HAM_PBA,FLEX,N,
509,SG,P_OKPCH,2027,2026,PR_REG_3,HMO,PRAXIS,N,
509,SH,P_OKPCH,2027,2026,PR_REG_1,DIV_XBA,FLEX,N,
509,SH,P_OKPCH,2027,2026,PR_REG_1,HAM_CBA,PRAXIS,N,
509,SH,P_OKPCH,2027,2026,PR_REG_1,HAM_GBA,TEL_DIG,N,
509,SH,P_OKPCH,2027,2026,PR_REG_1,HAM_PBA,FLEX,N,
509,SH,P_OKPCH,2027,2026,PR_REG_1,HMO,PRAXIS,N,
509,SH,P_OKPCH,2027,2026,PR_REG_2,DIV_XBA,FLEX,N,
509,SH,P_OKPCH,2027,2026,PR_REG_2,HAM_CBA,PRAXIS,N,
509,SH,P_OKPCH,2027,2026,PR_REG_2,HAM_GBA,TEL_DIG,N,
509,SH,P_OKPCH,2027,2026,PR_REG_2,HAM_PBA,FLEX,N,
509,SH,P_OKPCH,2027,2026,PR_REG_2,HMO,PRAXIS,N,
509,SO,P_OKPCH,2027,2026,PR_REG_0,DIV_XBA,FLEX,N,
509,SO,P_OKPCH,2027,2026,PR_REG_0,HAM_CBA,PRAXIS,N,
509,SO,P_OKPCH,2027,2026,PR_REG_0,HAM_GBA,TEL_DIG,N,
509,SO,P_OKPCH,2027,2026,PR_REG_0,HAM_PBA,FLEX,N,
509,SO,P_OKPCH,2027,2026,PR_REG_0,HMO,PRAXIS,N,
509,SZ,P_OKPCH,2027,2026,PR_REG_0,DIV_XBA,FLEX,N,
509,SZ,P_OKPCH,2027,2026,PR_REG_0,HAM_CBA,PRAXIS,N,
509,SZ,P_OKPCH,2027,2026,PR_REG_0,HAM_GBA,TEL_DIG,N,
509,SZ,P_OKPCH,2027,2026,PR_REG_0,HAM_PBA,FLEX,N,
509,SZ,P_OKPCH,2027,2026,PR_REG_0,HMO,PRAXIS,N,
509,TG,P_OKPCH,2027,2026,PR_REG_0,DIV_XBA,FLEX,N,
509,TG,P_OKPCH,2027,2026,PR_REG_0,HAM_CBA,PRAXIS,N,
509,TG,P_OKPCH,2027,2026,PR_REG_0,HAM_GBA,TEL_DIG,N,
509,TG,P_OKPCH,2027,2026,PR_REG_0,HAM_PBA,FLEX,N,
509,TG,P_OKPCH,2027,2026,PR_REG_0,HMO,PRAXIS,N,
509,TI,P_OKPCH,2027,2026,PR_REG_1,DIV_XBA,FLEX,N,
509,TI,P_OKPCH,2027,2026,PR_REG_1,HAM_CBA,PRAXIS,N,
509,TI,P_OKPCH,2027,2026,PR_REG_1,HAM_GBA,TEL_DIG,N,
509,TI,P_OKPCH,2027,2026,PR_REG_1,HAM_PBA,FLEX,N,
509,TI,P_OKPCH,2027,2026,PR_REG_1,HMO,PRAXIS,N,
509,TI,P_OKPCH,2027,2026,PR_REG_2,DIV_XBA,FLEX,N,
509,TI,P_OKPCH,2027,2026,PR_REG_2,HAM_CBA,PRAXIS,N,
509,TI,P_OKPCH,2027,2026,PR_REG_2,HAM_GBA,TEL_DIG,N,
509,TI,P_OKPCH,2027,2026,PR_REG_2,HAM_PBA,FLEX,N,
509,TI,P_OKPCH,2027,2026,PR_REG_2,HMO,PRAXIS,N,
509,UR,P_OKPCH,2027,2026,PR_REG_0,DIV_XBA,FLEX,N,
509,UR,P_OKPCH,2027,2026,PR_REG_0,HAM_CBA,PRAXIS,N,
509,UR,P_OKPCH,2027,2026,PR_REG_0,HAM_GBA,TEL_DIG,N,
509,UR,P_OKPCH,2027,2026,PR_REG_0,HAM_PBA,FLEX,N,
509,UR,P_OKPCH,2027,2026,PR_REG_0,HMO,PRAXIS,N,
509,VD,P_OKPCH,2027,2026,PR_REG_1,DIV_XBA,FLEX,N,
509,VD,P_OKPCH,2027,2026,PR_REG_1,HAM_CBA,PRAXIS,N,
509,VD,P_OKPCH,2027,2026,PR_REG_1,HAM_GBA,TEL_DIG,N,
509,VD,P_OKPCH,2027,2026,PR_REG_1,HAM_PBA,FLEX,N,
509,VD,P_OKPCH,2027,2026,PR_REG_1,HMO,PRAXIS,N,
509,VD,P_OKPCH,2027,2026,PR_REG_2,DIV_XBA,FLEX,N,
509,VD,P_OKPCH,2027,2026,PR_REG_2,HAM_CBA,PRAXIS,N,
509,VD,P_OKPCH,2027,2026,PR_REG_2,HAM_GBA,TEL_DIG,N,
509,VD,P_OKPCH,2027,2026,PR_REG_2,HAM_PBA,FLEX,N,
509,VD,P_OKPCH,2027,2026,PR_REG_2,HMO,PRAXIS,N,
509,VS,P_OKPCH,2027,2026,PR_REG_1,DIV_XBA,FLEX,N,
509,VS,P_OKPCH,2027,2026,PR_REG_1,HAM_CBA,PRAXIS,N,
509,VS,P_OKPCH,2027,2026,PR_REG_1,HAM_GBA,TEL_DIG,N,
509,VS,P_OKPCH,2027,2026,PR_REG_1,HAM_PBA,FLEX,N,
509,VS,P_OKPCH,2027,2026,PR_REG_1,HMO,PRAXIS,N,
509,VS,P_OKPCH,2027,2026,PR_REG_2,DIV_XBA,FLEX,N,
509,VS,P_OKPCH,2027,2026,PR_REG_2,HAM_CBA,PRAXIS,N,
509,VS,P_OKPCH,2027,2026,PR_REG_2,HAM_GBA,TEL_DIG,N,
509,VS,P_OKPCH,2027,2026,PR_REG_2,HAM_PBA,FLEX,N,
509,VS,P_OKPCH,2027,2026,PR_REG_2,HMO,PRAXIS,N,
509,ZG,P_OKPCH,2027,2026,PR_REG_0,DIV_XBA,FLEX,N,
509,ZG,P_OKPCH,2027,2026,PR_REG_0,HAM_CBA,PRAXIS,N,
509,ZG,P_OKPCH,2027,2026,PR_REG_0,HAM_GBA,TEL_DIG,N,
509,ZG,P_OKPCH,2027,2026,PR_REG_0,HAM_PBA,FLEX,N,
509,ZG,P_OKPCH,2027,2026,PR_REG_0,HMO,PRAXIS,N,
509,ZH,P_OKPCH,2027,2026,PR_REG_1,DIV_XBA,FLEX,N,
509,ZH,P_OKPCH,2027,2026,PR_REG_1,HAM_CBA,PRAXIS,N,
509,ZH,P_OKPCH,2027,2026,PR_REG_1,HAM_GBA,TEL_DIG,N,
509,ZH,P_OKPCH,2027,2026,PR_REG_1,HAM_PBA,FLEX,N,
509,ZH,P_OKPCH,2027,2026,PR_REG_1,HMO,PRAXIS,N,
509,ZH,P_OKPCH,2027,2026,PR_REG_2,DIV_XBA,FLEX,N,
509,ZH,P_OKPCH,2027,2026,PR_REG_2,HAM_CBA,PRAXIS,N,
509,ZH,P_OKPCH,2027,2026,PR_REG_2,HAM_GBA,TEL_DIG,N,
509,ZH,P_OKPCH,2027,2026,PR_REG_2,HAM_PBA,FLEX,N,
509,ZH,P_OKPCH,2027,2026,PR_REG_2,HMO,PRAXIS,N,
509,ZH,P_OKPCH,2027,2026,PR_REG_3,DIV_XBA,FLEX,N,
509,ZH,P_OKPCH,2027,2026,PR_REG_3,HAM_CBA,PRAXIS,N,
509,ZH,P_OKPCH,2027,2026,PR_REG_3,HAM_GBA,TEL_DIG,N,
509,ZH,P_OKPCH,2027,2026,PR_REG_3,HAM_PBA,FLEX,N,
509,ZH,P_OKPCH,2027,2026,PR_REG_3,HMO,PRAXIS,N,
780,GL,P_OKPCH,2027,2026,PR_REG_0,Telmed-Modell,TEL_DIG,N,
780,SG,P_OKPCH,2027,2026,PR_REG_1,Telmed-Modell,TEL_DIG,N,
780,SG,P_OKPCH,2027,2026,PR_REG_2,Telmed-Modell,TEL_DIG,N,
780,SG,P_OKPCH,2027,2026,PR_REG_3,Telmed-Modell,TEL_DIG,N,
780,SZ,P_OKPCH,2027,2026,PR_REG_0,Telmed-Modell,TEL_DIG,N,
820,GR,P_OKPCH,2027,2026,PR_REG_1,CASAMED,PRAXIS,N,
820,GR,P_OKPCH,2027,2026,PR_REG_2,CASAMED,PRAXIS,N,
820,GR,P_OKPCH,2027,2026,PR_REG_3,CASAMED,PRAXIS,N,
881,AG,P_OKPCH,2027,2026,PR_REG_0,HAM_MC,PRAXIS,N,
881,AG,P_OKPCH,2027,2026,PR_REG_0,Tel_Care,TEL_DIG,N,
881,AI,P_OKPCH,2027,2026,PR_REG_0,HAM_MC,PRAXIS,N,
881,AI,P_OKPCH,2027,2026,PR_REG_0,Tel_Care,TEL_DIG,N,
881,AR,P_OKPCH,2027,2026,PR_REG_0,HAM_MC,PRAXIS,N,
881,AR,P_OKPCH,2027,2026,PR_REG_0,Tel_Care,TEL_DIG,N,
881,BE,P_OKPCH,2027,2026,PR_REG_1,HAM_MC,PRAXIS,N,
881,BE,P_OKPCH,2027,2026,PR_REG_1,Tel_Care,TEL_DIG,N,
881,BE,P_OKPCH,2027,2026,PR_REG_2,HAM_MC,PRAXIS,N,
881,BE,P_OKPCH,2027,2026,PR_REG_2,Tel_Care,TEL_DIG,N,
881,BE,P_OKPCH,2027,2026,PR_REG_3,HAM_MC,PRAXIS,N,
881,BE,P_OKPCH,2027,2026,PR_REG_3,Tel_Care,TEL_DIG,N,
881,BL,P_OKPCH,2027,2026,PR_REG_1,HAM_MC,PRAXIS,N,
881,BL,P_OKPCH,2027,2026,PR_REG_1,Tel_Care,TEL_DIG,N,
881,BL,P_OKPCH,2027,2026,PR_REG_2,HAM_MC,PRAXIS,N,
881,BL,P_OKPCH,2027,2026,PR_REG_2,Tel_Care,TEL_DIG,N,
881,BS,P_OKPCH,2027,2026,PR_REG_0,HAM_MC,PRAXIS,N,
881,BS,P_OKPCH,2027,2026,PR_REG_0,Tel_Care,TEL_DIG,N,
881,FR,P_OKPCH,2027,2026,PR_REG_1,HAM_MC,PRAXIS,N,
881,FR,P_OKPCH,2027,2026,PR_REG_1,Tel_Care,TEL_DIG,N,
881,FR,P_OKPCH,2027,2026,PR_REG_2,HAM_MC,PRAXIS,N,
881,FR,P_OKPCH,2027,2026,PR_REG_2,Tel_Care,TEL_DIG,N,
881,GE,P_OKPCH,2027,2026,PR_REG_0,HAM_MC,PRAXIS,N,
881,GE,P_OKPCH,2027,2026,PR_REG_0,Tel_Care,TEL_DIG,N,
881,GL,P_OKPCH,2027,2026,PR_REG_0,HAM_MC,PRAXIS,N,
881,GL,P_OKPCH,2027,2026,PR_REG_0,Tel_Care,TEL_DIG,N,
881,GR,P_OKPCH,2027,2026,PR_REG_1,HAM_MC,PRAXIS,N,
881,GR,P_OKPCH,2027,2026,PR_REG_1,Tel_Care,TEL_DIG,N,
881,GR,P_OKPCH,2027,2026,PR_REG_2,HAM_MC,PRAXIS,N,
881,GR,P_OKPCH,2027,2026,PR_REG_2,Tel_Care,TEL_DIG,N,
881,GR,P_OKPCH,2027,2026,PR_REG_3,HAM_MC,PRAXIS,N,
881,GR,P_OKPCH,2027,2026,PR_REG_3,Tel_Care,TEL_DIG,N,
881,JU,P_OKPCH,2027,2026,PR_REG_0,HAM_MC,PRAXIS,N,
881,JU,P_OKPCH,2027,2026,PR_REG_0,Tel_Care,TEL_DIG,N,
881,LU,P_OKPCH,2027,2026,PR_REG_1,HAM_MC,PRAXIS,N,
881,LU,P_OKPCH,2027,2026,PR_REG_1,Tel_Care,TEL_DIG,N,
881,LU,P_OKPCH,2027,2026,PR_REG_2,HAM_MC,PRAXIS,N,
881,LU,P_OKPCH,2027,2026,PR_REG_2,Tel_Care,TEL_DIG,N,
881,LU,P_OKPCH,2027,2026,PR_REG_3,HAM_MC,PRAXIS,N,
881,LU,P_OKPCH,2027,2026,PR_REG_3,Tel_Care,TEL_DIG,N,
881,NE,P_OKPCH,2027,2026,PR_REG_0,HAM_MC,PRAXIS,N,
881,NE,P_OKPCH,2027,2026,PR_REG_0,Tel_Care,TEL_DIG,N,
881,NW,P_OKPCH,2027,2026,PR_REG_0,HAM_MC,PRAXIS,N,
881,NW,P_OKPCH,2027,2026,PR_REG_0,Tel_Care,TEL_DIG,N,
881,OW,P_OKPCH,2027,2026,PR_REG_0,HAM_MC,PRAXIS,N,
881,OW,P_OKPCH,2027,2026,PR_REG_0,Tel_Care,TEL_DIG,N,
881,SG,P_OKPCH,2027,2026,PR_REG_1,HAM_MC,PRAXIS,N,
881,SG,P_OKPCH,2027,2026,PR_REG_1,Tel_Care,TEL_DIG,N,
881,SG,P_OKPCH,2027,2026,PR_REG_2,HAM_MC,PRAXIS,N,
881,SG,P_OKPCH,2027,2026,PR_REG_2,Tel_Care,TEL_DIG,N,
881,SG,P_OKPCH,2027,2026,PR_REG_3,HAM_MC,PRAXIS,N,
881,SG,P_OKPCH,2027,2026,PR_REG_3,Tel_Care,TEL_DIG,N,
881,SH,P_OKPCH,2027,2026,PR_REG_1,HAM_MC,PRAXIS,N,
881,SH,P_OKPCH,2027,2026,PR_REG_1,Tel_Care,TEL_DIG,N,
881,SH,P_OKPCH,2027,2026,PR_REG_2,HAM_MC,PRAXIS,N,
881,SH,P_OKPCH,2027,2026,PR_REG_2,Tel_Care,TEL_DIG,N,
881,SO,P_OKPCH,2027,2026,PR_REG_0,HAM_MC,PRAXIS,N,
881,SO,P_OKPCH,2027,2026,PR_REG_0,Tel_Care,TEL_DIG,N,
881,SZ,P_OKPCH,2027,2026,PR_REG_0,HAM_MC,PRAXIS,N,
881,SZ,P_OKPCH,2027,2026,PR_REG_0,Tel_Care,TEL_DIG,N,
881,TG,P_OKPCH,2027,2026,PR_REG_0,HAM_MC,PRAXIS,N,
881,TG,P_OKPCH,2027,2026,PR_REG_0,Tel_Care,TEL_DIG,N,
881,TI,P_OKPCH,2027,2026,PR_REG_1,HAM_MC,PRAXIS,N,
881,TI,P_OKPCH,2027,2026,PR_REG_1,Tel_Care,TEL_DIG,N,
881,TI,P_OKPCH,2027,2026,PR_REG_2,HAM_MC,PRAXIS,N,
881,TI,P_OKPCH,2027,2026,PR_REG_2,Tel_Care,TEL_DIG,N,
881,UR,P_OKPCH,2027,2026,PR_REG_0,HAM_MC,PRAXIS,N,
881,UR,P_OKPCH,2027,2026,PR_REG_0,Tel_Care,TEL_DIG,N,
881,VD,P_OKPCH,2027,2026,PR_REG_1,HAM_MC,PRAXIS,N,
881,VD,P_OKPCH,2027,2026,PR_REG_1,Tel_Care,TEL_DIG,N,
881,VD,P_OKPCH,2027,2026,PR_REG_2,HAM_MC,PRAXIS,N,
881,VD,P_OKPCH,2027,2026,PR_REG_2,Tel_Care,TEL_DIG,N,
881,VS,P_OKPCH,2027,2026,PR_REG_1,HAM_MC,PRAXIS,N,
881,VS,P_OKPCH,2027,2026,PR_REG_1,Tel_Care,TEL_DIG,N,
881,VS,P_OKPCH,2027,2026,PR_REG_2,HAM_MC,PRAXIS,N,
881,VS,P_OKPCH,2027,2026,PR_REG_2,Tel_Care,TEL_DIG,N,
881,ZG,P_OKPCH,2027,2026,PR_REG_0,HAM_MC,PRAXIS,N,
881,ZG,P_OKPCH,2027,2026,PR_REG_0,Tel_Care,TEL_DIG,N,
881,ZH,P_OKPCH,2027,2026,PR_REG_1,HAM_MC,PRAXIS,N,
881,ZH,P_OKPCH,2027,2026,PR_REG_1,Tel_Care,TEL_DIG,N,
881,ZH,P_OKPCH,2027,2026,PR_REG_2,HAM_MC,PRAXIS,N,
881,ZH,P_OKPCH,2027,2026,PR_REG_2,Tel_Care,TEL_DIG,N,
881,ZH,P_OKPCH,2027,2026,PR_REG_3,HAM_MC,PRAXIS,N,
881,ZH,P_OKPCH,2027,2026,PR_REG_3,Tel_Care,TEL_DIG,N,
923,AG,P_OKPCH,2027,2026,PR_REG_0,HOMECARE,PRAXIS,N,
923,AG,P_OKPCH,2027,2026,PR_REG_0,SMARTMED,TEL_DIG,N,
923,AG,P_OKPCH,2027,2026,PR_REG_0,TELCARE,TEL_DIG,N,
923,AI,P_OKPCH,2027,2026,PR_REG_0,HOMECARE,PRAXIS,N,
923,AI,P_OKPCH,2027,2026,PR_REG_0,SMARTMED,TEL_DIG,N,
923,AI,P_OKPCH,2027,2026,PR_REG_0,TELCARE,TEL_DIG,N,
923,AR,P_OKPCH,2027,2026,PR_REG_0,HOMECARE,PRAXIS,N,
923,AR,P_OKPCH,2027,2026,PR_REG_0,SMARTMED,TEL_DIG,N,
923,AR,P_OKPCH,2027,2026,PR_REG_0,TELCARE,TEL_DIG,N,
923,BE,P_OKPCH,2027,2026,PR_REG_1,HOMECARE,PRAXIS,N,
923,BE,P_OKPCH,2027,2026,PR_REG_1,SMARTMED,TEL_DIG,N,
923,BE,P_OKPCH,2027,2026,PR_REG_1,TELCARE,TEL_DIG,N,
923,BE,P_OKPCH,2027,2026,PR_REG_2,HOMECARE,PRAXIS,N,
923,BE,P_OKPCH,2027,2026,PR_REG_2,SMARTMED,TEL_DIG,N,
923,BE,P_OKPCH,2027,2026,PR_REG_2,TELCARE,TEL_DIG,N,
923,BE,P_OKPCH,2027,2026,PR_REG_3,HOMECARE,PRAXIS,N,
923,BE,P_OKPCH,2027,2026,PR_REG_3,SMARTMED,TEL_DIG,N,
923,BE,P_OKPCH,2027,2026,PR_REG_3,TELCARE,TEL_DIG,N,
923,BL,P_OKPCH,2027,2026,PR_REG_1,HOMECARE,PRAXIS,N,
923,BL,P_OKPCH,2027,2026,PR_REG_1,SMARTMED,TEL_DIG,N,
923,BL,P_OKPCH,2027,2026,PR_REG_1,TELCARE,TEL_DIG,N,
923,BL,P_OKPCH,2027,2026,PR_REG_2,HOMECARE,PRAXIS,N,
923,BL,P_OKPCH,2027,2026,PR_REG_2,SMARTMED,TEL_DIG,N,
923,BL,P_OKPCH,2027,2026,PR_REG_2,TELCARE,TEL_DIG,N,
923,BS,P_OKPCH,2027,2026,PR_REG_0,HOMECARE,PRAXIS,N,
923,BS,P_OKPCH,2027,2026,PR_REG_0,SMARTMED,TEL_DIG,N,
923,BS,P_OKPCH,2027,2026,PR_REG_0,TELCARE,TEL_DIG,N,
923,FR,P_OKPCH,2027,2026,PR_REG_1,HOMECARE,PRAXIS,N,
923,FR,P_OKPCH,2027,2026,PR_REG_1,SMARTMED,TEL_DIG,N,
923,FR,P_OKPCH,2027,2026,PR_REG_1,TELCARE,TEL_DIG,N,
923,FR,P_OKPCH,2027,2026,PR_REG_2,HOMECARE,PRAXIS,N,
923,FR,P_OKPCH,2027,2026,PR_REG_2,SMARTMED,TEL_DIG,N,
923,FR,P_OKPCH,2027,2026,PR_REG_2,TELCARE,TEL_DIG,N,
923,GL,P_OKPCH,2027,2026,PR_REG_0,HOMECARE,PRAXIS,N,
923,GL,P_OKPCH,2027,2026,PR_REG_0,SMARTMED,TEL_DIG,N,
923,GL,P_OKPCH,2027,2026,PR_REG_0,TELCARE,TEL_DIG,N,
923,GR,P_OKPCH,2027,2026,PR_REG_1,HOMECARE,PRAXIS,N,
923,GR,P_OKPCH,2027,2026,PR_REG_1,SMARTMED,TEL_DIG,N,
923,GR,P_OKPCH,2027,2026,PR_REG_1,TELCARE,TEL_DIG,N,
923,GR,P_OKPCH,2027,2026,PR_REG_2,HOMECARE,PRAXIS,N,
923,GR,P_OKPCH,2027,2026,PR_REG_2,SMARTMED,TEL_DIG,N,
923,GR,P_OKPCH,2027,2026,PR_REG_2,TELCARE,TEL_DIG,N,
923,GR,P_OKPCH,2027,2026,PR_REG_3,HOMECARE,PRAXIS,N,
923,GR,P_OKPCH,2027,2026,PR_REG_3,SMARTMED,TEL_DIG,N,
923,GR,P_OKPCH,2027,2026,PR_REG_3,TELCARE,TEL_DIG,N,
923,LU,P_OKPCH,2027,2026,PR_REG_1,HOMECARE,PRAXIS,N,
923,LU,P_OKPCH,2027,2026,PR_REG_1,SMARTMED,TEL_DIG,N,
923,LU,P_OKPCH,2027,2026,PR_REG_1,TELCARE,TEL_DIG,N,
923,LU,P_OKPCH,2027,2026,PR_REG_2,HOMECARE,PRAXIS,N,
923,LU,P_OKPCH,2027,2026,PR_REG_2,SMARTMED,TEL_DIG,N,
923,LU,P_OKPCH,2027,2026,PR_REG_2,TELCARE,TEL_DIG,N,
923,LU,P_OKPCH,2027,2026,PR_REG_3,HOMECARE,PRAXIS,N,
923,LU,P_OKPCH,2027,2026,PR_REG_3,SMARTMED,TEL_DIG,N,
923,LU,P_OKPCH,2027,2026,PR_REG_3,TELCARE,TEL_DIG,N,
923,NW,P_OKPCH,2027,2026,PR_REG_0,HOMECARE,PRAXIS,N,
923,NW,P_OKPCH,2027,2026,PR_REG_0,SMARTMED,TEL_DIG,N,
923,NW,P_OKPCH,2027,2026,PR_REG_0,TELCARE,TEL_DIG,N,
923,OW,P_OKPCH,2027,2026,PR_REG_0,HOMECARE,PRAXIS,N,
923,OW,P_OKPCH,2027,2026,PR_REG_0,SMARTMED,TEL_DIG,N,
923,OW,P_OKPCH,2027,2026,PR_REG_0,TELCARE,TEL_DIG,N,
923,SG,P_OKPCH,2027,2026,PR_REG_1,HOMECARE,PRAXIS,N,
923,SG,P_OKPCH,2027,2026,PR_REG_1,SMARTMED,TEL_DIG,N,
923,SG,P_OKPCH,2027,2026,PR_REG_1,TELCARE,TEL_DIG,N,
923,SG,P_OKPCH,2027,2026,PR_REG_2,HOMECARE,PRAXIS,N,
923,SG,P_OKPCH,2027,2026,PR_REG_2,SMARTMED,TEL_DIG,N,
923,SG,P_OKPCH,2027,2026,PR_REG_2,TELCARE,TEL_DIG,N,
923,SG,P_OKPCH,2027,2026,PR_REG_3,HOMECARE,PRAXIS,N,
923,SG,P_OKPCH,2027,2026,PR_REG_3,SMARTMED,TEL_DIG,N,
923,SG,P_OKPCH,2027,2026,PR_REG_3,TELCARE,TEL_DIG,N,
923,SH,P_OKPCH,2027,2026,PR_REG_1,HOMECARE,PRAXIS,N,
923,SH,P_OKPCH,2027,2026,PR_REG_1,SMARTMED,TEL_DIG,N,
923,SH,P_OKPCH,2027,2026,PR_REG_1,TELCARE,TEL_DIG,N,
923,SH,P_OKPCH,2027,2026,PR_REG_2,HOMECARE,PRAXIS,N,
923,SH,P_OKPCH,2027,2026,PR_REG_2,SMARTMED,TEL_DIG,N,
923,SH,P_OKPCH,2027,2026,PR_REG_2,TELCARE,TEL_DIG,N,
923,SO,P_OKPCH,2027,2026,PR_REG_0,HOMECARE,PRAXIS,N,
923,SO,P_OKPCH,2027,2026,PR_REG_0,SMARTMED,TEL_DIG,N,
923,SO,P_OKPCH,2027,2026,PR_REG_0,TELCARE,TEL_DIG,N,
923,SZ,P_OKPCH,2027,2026,PR_REG_0,HOMECARE,PRAXIS,N,
923,SZ,P_OKPCH,2027,2026,PR_REG_0,SMARTMED,TEL_DIG,N,
923,SZ,P_OKPCH,2027,2026,PR_REG_0,TELCARE,TEL_DIG,N,
923,TG,P_OKPCH,2027,2026,PR_REG_0,HOMECARE,PRAXIS,N,
923,TG,P_OKPCH,2027,2026,PR_REG_0,SMARTMED,TEL_DIG,N,
923,TG,P_OKPCH,2027,2026,PR_REG_0,TELCARE,TEL_DIG,N,
923,UR,P_OKPCH,2027,2026,PR_REG_0,HOMECARE,PRAXIS,N,
923,UR,P_OKPCH,2027,2026,PR_REG_0,SMARTMED,TEL_DIG,N,
923,UR,P_OKPCH,2027,2026,PR_REG_0,TELCARE,TEL_DIG,N,
923,VS,P_OKPCH,2027,2026,PR_REG_2,HOMECARE,PRAXIS,N,
923,VS,P_OKPCH,2027,2026,PR_REG_2,SMARTMED,TEL_DIG,N,
923,VS,P_OKPCH,2027,2026,PR_REG_2,TELCARE,TEL_DIG,N,
923,ZG,P_OKPCH,2027,2026,PR_REG_0,HOMECARE,PRAXIS,N,
923,ZG,P_OKPCH,2027,2026,PR_REG_0,SMARTMED,TEL_DIG,N,
923,ZG,P_OKPCH,2027,2026,PR_REG_0,TELCARE,TEL_DIG,N,
923,ZH,P_OKPCH,2027,2026,PR_REG_1,HOMECARE,PRAXIS,N,
923,ZH,P_OKPCH,2027,2026,PR_REG_1,SMARTMED,TEL_DIG,N,
923,ZH,P_OKPCH,2027,2026,PR_REG_1,TELCARE,TEL_DIG,N,
923,ZH,P_OKPCH,2027,2026,PR_REG_2,HOMECARE,PRAXIS,N,
923,ZH,P_OKPCH,2027,2026,PR_REG_2,SMARTMED,TEL_DIG,N,
923,ZH,P_OKPCH,2027,2026,PR_REG_2,TELCARE,TEL_DIG,N,
923,ZH,P_OKPCH,2027,2026,PR_REG_3,HOMECARE,PRAXIS,N,
923,ZH,P_OKPCH,2027,2026,PR_REG_3,SMARTMED,TEL_DIG,N,
923,ZH,P_OKPCH,2027,2026,PR_REG_3,TELCARE,TEL_DIG,N,
941,BE,P_OKPCH,2027,2026,PR_REG_1,Digimed,TEL_DIG,N,
941,BE,P_OKPCH,2027,2026,PR_REG_1,Telmed,TEL_DIG,N,
941,BE,P_OKPCH,2027,2026,PR_REG_2,Digimed,TEL_DIG,N,
941,BE,P_OKPCH,2027,2026,PR_REG_2,Telmed,TEL_DIG,N,
941,BE,P_OKPCH,2027,2026,PR_REG_3,Digimed,TEL_DIG,N,
941,BE,P_OKPCH,2027,2026,PR_REG_3,Telmed,TEL_DIG,N,
941,VS,P_OKPCH,2027,2026,PR_REG_1,Digimed,TEL_DIG,N,
941,VS,P_OKPCH,2027,2026,PR_REG_1,Medicasa,PRAXIS,N,
941,VS,P_OKPCH,2027,2026,PR_REG_1,Telmed,TEL_DIG,N,
941,VS,P_OKPCH,2027,2026,PR_REG_2,Digimed,TEL_DIG,N,
941,VS,P_OKPCH,2027,2026,PR_REG_2,Medicasa,PRAXIS,N,
941,VS,P_OKPCH,2027,2026,PR_REG_2,Telmed,TEL_DIG,N,
966,AG,P_OKPCH,2027,2026,PR_REG_0,Sparmed,PRAXIS,N,
966,AI,P_OKPCH,2027,2026,PR_REG_0,Sparmed,PRAXIS,N,
966,AR,P_OKPCH,2027,2026,PR_REG_0,Sparmed,PRAXIS,N,
966,BE,P_OKPCH,2027,2026,PR_REG_1,Sparmed,PRAXIS,N,
966,BE,P_OKPCH,2027,2026,PR_REG_2,Sparmed,PRAXIS,N,
966,BE,P_OKPCH,2027,2026,PR_REG_3,Sparmed,PRAXIS,N,
966,GL,P_OKPCH,2027,2026,PR_REG_0,Sparmed,PRAXIS,N,
966,GR,P_OKPCH,2027,2026,PR_REG_1,Sparmed,PRAXIS,N,
966,GR,P_OKPCH,2027,2026,PR_REG_2,Sparmed,PRAXIS,N,
966,GR,P_OKPCH,2027,2026,PR_REG_3,Sparmed,PRAXIS,N,
966,LU,P_OKPCH,2027,2026,PR_REG_1,Sparmed,PRAXIS,N,
966,LU,P_OKPCH,2027,2026,PR_REG_2,Sparmed,PRAXIS,N,
966,LU,P_OKPCH,2027,2026,PR_REG_3,Sparmed,PRAXIS,N,
966,SG,P_OKPCH,2027,2026,PR_REG_1,Sparmed,PRAXIS,N,
966,SG,P_OKPCH,2027,2026,PR_REG_2,Sparmed,PRAXIS,N,
966,SG,P_OKPCH,2027,2026,PR_REG_3,Sparmed,PRAXIS,N,
966,SZ,P_OKPCH,2027,2026,PR_REG_0,Sparmed,PRAXIS,N,
966,TG,P_OKPCH,2027,2026,PR_REG_0,Sparmed,PRAXIS,N,
966,ZH,P_OKPCH,2027,2026,PR_REG_1,Sparmed,PRAXIS,N,
966,ZH,P_OKPCH,2027,2026,PR_REG_2,Sparmed,PRAXIS,N,
966,ZH,P_OKPCH,2027,2026,PR_REG_3,Sparmed,PRAXIS,N,
1040,VS,P_OKPCH,2027,2026,PR_REG_2,Medicasa,PRAXIS,N,
1040,VS,P_OKPCH,2027,2026,PR_REG_2,Telmed,TEL_DIG,N,
1318,AG,P_OKPCH,2027,2026,PR_REG_0,RS,PRAXIS,N,
1318,SZ,P_OKPCH,2027,2026,PR_REG_0,RS,PRAXIS,N,
1318,ZH,P_OKPCH,2027,2026,PR_REG_1,RS,PRAXIS,N,
1318,ZH,P_OKPCH,2027,2026,PR_REG_2,RS,PRAXIS,N,
1318,ZH,P_OKPCH,2027,2026,PR_REG_3,RS,PRAXIS,N,
1322,AG,P_OKPCH,2027,2026,PR_REG_0,HAS,PRAXIS,N,
1322,AG,P_OKPCH,2027,2026,PR_REG_0,Telmed,TEL_DIG,N,
1384,AG,P_OKPCH,2027,2026,PR_REG_0,Casa,PRAXIS,N,
1384,AG,P_OKPCH,2027,2026,PR_REG_0,Favorit Start,TEL_DIG,N,
1384,AG,P_OKPCH,2027,2026,PR_REG_0,Medica (MEDICA),PRAXIS,N,
1384,AG,P_OKPCH,2027,2026,PR_REG_0,Medpharm (PHARMA),FLEX,N,
1384,AG,P_OKPCH,2027,2026,PR_REG_0,Multichoice (MULTICHOICE),FLEX,N,
1384,AG,P_OKPCH,2027,2026,PR_REG_0,Santé (HMO),PRAXIS,N,
1384,AG,P_OKPCH,2027,2026,PR_REG_0,Telmed,TEL_DIG,N,
1384,AI,P_OKPCH,2027,2026,PR_REG_0,Casa,PRAXIS,N,
1384,AI,P_OKPCH,2027,2026,PR_REG_0,Medica (MEDICA),PRAXIS,N,
1384,AI,P_OKPCH,2027,2026,PR_REG_0,Medpharm (PHARMA),FLEX,N,
1384,AI,P_OKPCH,2027,2026,PR_REG_0,Multichoice (MULTICHOICE),FLEX,N,
1384,AI,P_OKPCH,2027,2026,PR_REG_0,Santé (HMO),PRAXIS,N,
1384,AI,P_OKPCH,2027,2026,PR_REG_0,Telmed,TEL_DIG,N,
1384,AR,P_OKPCH,2027,2026,PR_REG_0,Bestcare (BESTCARE),PRAXIS,N,
1384,AR,P_OKPCH,2027,2026,PR_REG_0,Casa,PRAXIS,N,
1384,AR,P_OKPCH,2027,2026,PR_REG_0,Medica (MEDICA),PRAXIS,N,
1384,AR,P_OKPCH,2027,2026,PR_REG_0,Medpharm (PHARMA),FLEX,N,
1384,AR,P_OKPCH,2027,2026,PR_REG_0,Multichoice (MULTICHOICE),FLEX,N,
1384,AR,P_OKPCH,2027,2026,PR_REG_0,Santé (HMO),PRAXIS,N,
1384,AR,P_OKPCH,2027,2026,PR_REG_0,Telmed,TEL_DIG,N,
1384,BE,P_OKPCH,2027,2026,PR_REG_1,Casa,PRAXIS,N,
1384,BE,P_OKPCH,2027,2026,PR_REG_1,Medica (MEDICA),PRAXIS,N,
1384,BE,P_OKPCH,2027,2026,PR_REG_1,Medpharm (PHARMA),FLEX,N,
1384,BE,P_OKPCH,2027,2026,PR_REG_1,Multichoice (MULTICHOICE),FLEX,N,
1384,BE,P_OKPCH,2027,2026,PR_REG_1,Santé (HMO),PRAXIS,N,
1384,BE,P_OKPCH,2027,2026,PR_REG_1,Telmed,TEL_DIG,N,
1384,BE,P_OKPCH,2027,2026,PR_REG_2,Casa,PRAXIS,N,
1384,BE,P_OKPCH,2027,2026,PR_REG_2,Medica (MEDICA),PRAXIS,N,
1384,BE,P_OKPCH,2027,2026,PR_REG_2,Medpharm (PHARMA),FLEX,N,
1384,BE,P_OKPCH,2027,2026,PR_REG_2,Multichoice (MULTICHOICE),FLEX,N,
1384,BE,P_OKPCH,2027,2026,PR_REG_2,Santé (HMO),PRAXIS,N,
1384,BE,P_OKPCH,2027,2026,PR_REG_2,Telmed,TEL_DIG,N,
1384,BE,P_OKPCH,2027,2026,PR_REG_3,Casa,PRAXIS,N,
1384,BE,P_OKPCH,2027,2026,PR_REG_3,Medica (MEDICA),PRAXIS,N,
1384,BE,P_OKPCH,2027,2026,PR_REG_3,Medpharm (PHARMA),FLEX,N,
1384,BE,P_OKPCH,2027,2026,PR_REG_3,Multichoice (MULTICHOICE),FLEX,N,
1384,BE,P_OKPCH,2027,2026,PR_REG_3,Santé (HMO),PRAXIS,N,
1384,BE,P_OKPCH,2027,2026,PR_REG_3,Telmed,TEL_DIG,N,
1384,BL,P_OKPCH,2027,2026,PR_REG_1,Casa,PRAXIS,N,
1384,BL,P_OKPCH,2027,2026,PR_REG_1,Medica (MEDICA),PRAXIS,N,
1384,BL,P_OKPCH,2027,2026,PR_REG_1,Medpharm (PHARMA),FLEX,N,
1384,BL,P_OKPCH,2027,2026,PR_REG_1,Multichoice (MULTICHOICE),FLEX,N,
1384,BL,P_OKPCH,2027,2026,PR_REG_1,Santé (HMO),PRAXIS,N,
1384,BL,P_OKPCH,2027,2026,PR_REG_1,Telmed,TEL_DIG,N,
1384,BL,P_OKPCH,2027,2026,PR_REG_2,Casa,PRAXIS,N,
1384,BL,P_OKPCH,2027,2026,PR_REG_2,Medica (MEDICA),PRAXIS,N,
1384,BL,P_OKPCH,2027,2026,PR_REG_2,Medpharm (PHARMA),FLEX,N,
1384,BL,P_OKPCH,2027,2026,PR_REG_2,Multichoice (MULTICHOICE),FLEX,N,
1384,BL,P_OKPCH,2027,2026,PR_REG_2,Santé (HMO),PRAXIS,N,
1384,BL,P_OKPCH,2027,2026,PR_REG_2,Telmed,TEL_DIG,N,
1384,BS,P_OKPCH,2027,2026,PR_REG_0,Casa,PRAXIS,N,
1384,BS,P_OKPCH,2027,2026,PR_REG_0,Medica (MEDICA),PRAXIS,N,
1384,BS,P_OKPCH,2027,2026,PR_REG_0,Medpharm (PHARMA),FLEX,N,
1384,BS,P_OKPCH,2027,2026,PR_REG_0,Multichoice (MULTICHOICE),FLEX,N,
1384,BS,P_OKPCH,2027,2026,PR_REG_0,Santé (HMO),PRAXIS,N,
1384,BS,P_OKPCH,2027,2026,PR_REG_0,Telmed,TEL_DIG,N,
1384,FR,P_OKPCH,2027,2026,PR_REG_1,Casa,PRAXIS,N,
1384,FR,P_OKPCH,2027,2026,PR_REG_1,Medica (MEDICA),PRAXIS,N,
1384,FR,P_OKPCH,2027,2026,PR_REG_1,Medpharm (PHARMA),FLEX,N,
1384,FR,P_OKPCH,2027,2026,PR_REG_1,Multichoice (MULTICHOICE),FLEX,N,
1384,FR,P_OKPCH,2027,2026,PR_REG_1,Santé (HMO),PRAXIS,N,
1384,FR,P_OKPCH,2027,2026,PR_REG_1,Telmed,TEL_DIG,N,
1384,FR,P_OKPCH,2027,2026,PR_REG_2,Casa,PRAXIS,N,
1384,FR,P_OKPCH,2027,2026,PR_REG_2,Medica (MEDICA),PRAXIS,N,
1384,FR,P_OKPCH,2027,2026,PR_REG_2,Medpharm (PHARMA),FLEX,N,
1384,FR,P_OKPCH,2027,2026,PR_REG_2,Multichoice (MULTICHOICE),FLEX,N,
1384,FR,P_OKPCH,2027,2026,PR_REG_2,Santé (HMO),PRAXIS,N,
1384,FR,P_OKPCH,2027,2026,PR_REG_2,Telmed,TEL_DIG,N,
1384,GE,P_OKPCH,2027,2026,PR_REG_0,Casa,PRAXIS,N,
1384,GE,P_OKPCH,2027,2026,PR_REG_0,Medica (MEDICA),PRAXIS,N,
1384,GE,P_OKPCH,2027,2026,PR_REG_0,Medpharm (PHARMA),FLEX,N,
1384,GE,P_OKPCH,2027,2026,PR_REG_0,Multichoice (MULTICHOICE),FLEX,N,
1384,GE,P_OKPCH,2027,2026,PR_REG_0,Santé (HMO),PRAXIS,N,
1384,GE,P_OKPCH,2027,2026,PR_REG_0,Telmed,TEL_DIG,N,
1384,GL,P_OKPCH,2027,2026,PR_REG_0,Casa,PRAXIS,N,
1384,GL,P_OKPCH,2027,2026,PR_REG_0,Medica (MEDICA),PRAXIS,N,
1384,GL,P_OKPCH,2027,2026,PR_REG_0,Medpharm (PHARMA),FLEX,N,
1384,GL,P_OKPCH,2027,2026,PR_REG_0,Multichoice (MULTICHOICE),FLEX,N,
1384,GL,P_OKPCH,2027,2026,PR_REG_0,Telmed,TEL_DIG,N,
1384,GR,P_OKPCH,2027,2026,PR_REG_1,Casa,PRAXIS,N,
1384,GR,P_OKPCH,2027,2026,PR_REG_1,Medica (MEDICA),PRAXIS,N,
1384,GR,P_OKPCH,2027,2026,PR_REG_1,Medpharm (PHARMA),FLEX,N,
1384,GR,P_OKPCH,2027,2026,PR_REG_1,Multichoice (MULTICHOICE),FLEX,N,
1384,GR,P_OKPCH,2027,2026,PR_REG_1,Telmed,TEL_DIG,N,
1384,GR,P_OKPCH,2027,2026,PR_REG_2,Casa,PRAXIS,N,
1384,GR,P_OKPCH,2027,2026,PR_REG_2,Medica (MEDICA),PRAXIS,N,
1384,GR,P_OKPCH,2027,2026,PR_REG_2,Medpharm (PHARMA),FLEX,N,
1384,GR,P_OKPCH,2027,2026,PR_REG_2,Multichoice (MULTICHOICE),FLEX,N,
1384,GR,P_OKPCH,2027,2026,PR_REG_2,Telmed,TEL_DIG,N,
1384,GR,P_OKPCH,2027,2026,PR_REG_3,Casa,PRAXIS,N,
1384,GR,P_OKPCH,2027,2026,PR_REG_3,Medica (MEDICA),PRAXIS,N,
1384,GR,P_OKPCH,2027,2026,PR_REG_3,Medpharm (PHARMA),FLEX,N,
1384,GR,P_OKPCH,2027,2026,PR_REG_3,Multichoice (MULTICHOICE),FLEX,N,
1384,GR,P_OKPCH,2027,2026,PR_REG_3,Telmed,TEL_DIG,N,
1384,JU,P_OKPCH,2027,2026,PR_REG_0,Casa,PRAXIS,N,
1384,JU,P_OKPCH,2027,2026,PR_REG_0,Medica (MEDICA),PRAXIS,N,
1384,JU,P_OKPCH,2027,2026,PR_REG_0,Medpharm (PHARMA),FLEX,N,
1384,JU,P_OKPCH,2027,2026,PR_REG_0,Multichoice (MULTICHOICE),FLEX,N,
1384,JU,P_OKPCH,2027,2026,PR_REG_0,Telmed,TEL_DIG,N,
1384,LU,P_OKPCH,2027,2026,PR_REG_1,Casa,PRAXIS,N,
1384,LU,P_OKPCH,2027,2026,PR_REG_1,Medica (MEDICA),PRAXIS,N,
1384,LU,P_OKPCH,2027,2026,PR_REG_1,Medpharm (PHARMA),FLEX,N,
1384,LU,P_OKPCH,2027,2026,PR_REG_1,Multichoice (MULTICHOICE),FLEX,N,
1384,LU,P_OKPCH,2027,2026,PR_REG_1,Santé (HMO),PRAXIS,N,
1384,LU,P_OKPCH,2027,2026,PR_REG_1,Telmed,TEL_DIG,N,
1384,LU,P_OKPCH,2027,2026,PR_REG_2,Casa,PRAXIS,N,
1384,LU,P_OKPCH,2027,2026,PR_REG_2,Medica (MEDICA),PRAXIS,N,
1384,LU,P_OKPCH,2027,2026,PR_REG_2,Medpharm (PHARMA),FLEX,N,
1384,LU,P_OKPCH,2027,2026,PR_REG_2,Multichoice (MULTICHOICE),FLEX,N,
1384,LU,P_OKPCH,2027,2026,PR_REG_2,Santé (HMO),PRAXIS,N,
1384,LU,P_OKPCH,2027,2026,PR_REG_2,Telmed,TEL_DIG,N,
1384,LU,P_OKPCH,2027,2026,PR_REG_3,Casa,PRAXIS,N,
1384,LU,P_OKPCH,2027,2026,PR_REG_3,Medica (MEDICA),PRAXIS,N,
1384,LU,P_OKPCH,2027,2026,PR_REG_3,Medpharm (PHARMA),FLEX,N,
1384,LU,P_OKPCH,2027,2026,PR_REG_3,Multichoice (MULTICHOICE),FLEX,N,
1384,LU,P_OKPCH,2027,2026,PR_REG_3,Santé (HMO),PRAXIS,N,
1384,LU,P_OKPCH,2027,2026,PR_REG_3,Telmed,TEL_DIG,N,
1384,NE,P_OKPCH,2027,2026,PR_REG_0,Casa,PRAXIS,N,
1384,NE,P_OKPCH,2027,2026,PR_REG_0,Medica (MEDICA),PRAXIS,N,
1384,NE,P_OKPCH,2027,2026,PR_REG_0,Medpharm (PHARMA),FLEX,N,
1384,NE,P_OKPCH,2027,2026,PR_REG_0,Multichoice (MULTICHOICE),FLEX,N,
1384,NE,P_OKPCH,2027,2026,PR_REG_0,Santé (HMO),PRAXIS,N,
1384,NE,P_OKPCH,2027,2026,PR_REG_0,Telmed,TEL_DIG,N,
1384,NW,P_OKPCH,2027,2026,PR_REG_0,Casa,PRAXIS,N,
1384,NW,P_OKPCH,2027,2026,PR_REG_0,Medica (MEDICA),PRAXIS,N,
1384,NW,P_OKPCH,2027,2026,PR_REG_0,Medpharm (PHARMA),FLEX,N,
1384,NW,P_OKPCH,2027,2026,PR_REG_0,Multichoice (MULTICHOICE),FLEX,N,
1384,NW,P_OKPCH,2027,2026,PR_REG_0,Santé (HMO),PRAXIS,N,
1384,NW,P_OKPCH,2027,2026,PR_REG_0,Telmed,TEL_DIG,N,
1384,OW,P_OKPCH,2027,2026,PR_REG_0,Casa,PRAXIS,N,
1384,OW,P_OKPCH,2027,2026,PR_REG_0,Medica (MEDICA),PRAXIS,N,
1384,OW,P_OKPCH,2027,2026,PR_REG_0,Medpharm (PHARMA),FLEX,N,
1384,OW,P_OKPCH,2027,2026,PR_REG_0,Multichoice (MULTICHOICE),FLEX,N,
1384,OW,P_OKPCH,2027,2026,PR_REG_0,Santé (HMO),PRAXIS,N,
1384,OW,P_OKPCH,2027,2026,PR_REG_0,Telmed,TEL_DIG,N,
1384,SG,P_OKPCH,2027,2026,PR_REG_1,Bestcare (BESTCARE),PRAXIS,N,
1384,SG,P_OKPCH,2027,2026,PR_REG_1,Casa,PRAXIS,N,
1384,SG,P_OKPCH,2027,2026,PR_REG_1,Medica (MEDICA),PRAXIS,N,
1384,SG,P_OKPCH,2027,2026,PR_REG_1,Medpharm (PHARMA),FLEX,N,
1384,SG,P_OKPCH,2027,2026,PR_REG_1,Multichoice (MULTICHOICE),FLEX,N,
1384,SG,P_OKPCH,2027,2026,PR_REG_1,Santé (HMO),PRAXIS,N,
1384,SG,P_OKPCH,2027,2026,PR_REG_1,Telmed,TEL_DIG,N,
1384,SG,P_OKPCH,2027,2026,PR_REG_2,Bestcare (BESTCARE),PRAXIS,N,
1384,SG,P_OKPCH,2027,2026,PR_REG_2,Casa,PRAXIS,N,
1384,SG,P_OKPCH,2027,2026,PR_REG_2,Medica (MEDICA),PRAXIS,N,
1384,SG,P_OKPCH,2027,2026,PR_REG_2,Medpharm (PHARMA),FLEX,N,
1384,SG,P_OKPCH,2027,2026,PR_REG_2,Multichoice (MULTICHOICE),FLEX,N,
1384,SG,P_OKPCH,2027,2026,PR_REG_2,Santé (HMO),PRAXIS,N,
1384,SG,P_OKPCH,2027,2026,PR_REG_2,Telmed,TEL_DIG,N,
1384,SG,P_OKPCH,2027,2026,PR_REG_3,Bestcare (BESTCARE),PRAXIS,N,
1384,SG,P_OKPCH,2027,2026,PR_REG_3,Casa,PRAXIS,N,
1384,SG,P_OKPCH,2027,2026,PR_REG_3,Medica (MEDICA),PRAXIS,N,
1384,SG,P_OKPCH,2027,2026,PR_REG_3,Medpharm (PHARMA),FLEX,N,
1384,SG,P_OKPCH,2027,2026,PR_REG_3,Multichoice (MULTICHOICE),FLEX,N,
1384,SG,P_OKPCH,2027,2026,PR_REG_3,Santé (HMO),PRAXIS,N,
1384,SG,P_OKPCH,2027,2026,PR_REG_3,Telmed,TEL_DIG,N,
1384,SH,P_OKPCH,2027,2026,PR_REG_1,Casa,PRAXIS,N,
1384,SH,P_OKPCH,2027,2026,PR_REG_1,Favorit Start,TEL_DIG,N,
1384,SH,P_OKPCH,2027,2026,PR_REG_1,Medica (MEDICA),PRAXIS,N,
1384,SH,P_OKPCH,2027,2026,PR_REG_1,Medpharm (PHARMA),FLEX,N,
1384,SH,P_OKPCH,2027,2026,PR_REG_1,Multichoice (MULTICHOICE),FLEX,N,
1384,SH,P_OKPCH,2027,2026,PR_REG_1,Santé (HMO),PRAXIS,N,
1384,SH,P_OKPCH,2027,2026,PR_REG_1,Telmed,TEL_DIG,N,
1384,SH,P_OKPCH,2027,2026,PR_REG_2,Casa,PRAXIS,N,
1384,SH,P_OKPCH,2027,2026,PR_REG_2,Favorit Start,TEL_DIG,N,
1384,SH,P_OKPCH,2027,2026,PR_REG_2,Medica (MEDICA),PRAXIS,N,
1384,SH,P_OKPCH,2027,2026,PR_REG_2,Medpharm (PHARMA),FLEX,N,
1384,SH,P_OKPCH,2027,2026,PR_REG_2,Multichoice (MULTICHOICE),FLEX,N,
1384,SH,P_OKPCH,2027,2026,PR_REG_2,Santé (HMO),PRAXIS,N,
1384,SH,P_OKPCH,2027,2026,PR_REG_2,Telmed,TEL_DIG,N,
1384,SO,P_OKPCH,2027,2026,PR_REG_0,Casa,PRAXIS,N,
1384,SO,P_OKPCH,2027,2026,PR_REG_0,Medica (MEDICA),PRAXIS,N,
1384,SO,P_OKPCH,2027,2026,PR_REG_0,Medpharm (PHARMA),FLEX,N,
1384,SO,P_OKPCH,2027,2026,PR_REG_0,Multichoice (MULTICHOICE),FLEX,N,
1384,SO,P_OKPCH,2027,2026,PR_REG_0,Santé (HMO),PRAXIS,N,
1384,SO,P_OKPCH,2027,2026,PR_REG_0,Telmed,TEL_DIG,N,
1384,SZ,P_OKPCH,2027,2026,PR_REG_0,Casa,PRAXIS,N,
1384,SZ,P_OKPCH,2027,2026,PR_REG_0,Medica (MEDICA),PRAXIS,N,
1384,SZ,P_OKPCH,2027,2026,PR_REG_0,Medpharm (PHARMA),FLEX,N,
1384,SZ,P_OKPCH,2027,2026,PR_REG_0,Multichoice (MULTICHOICE),FLEX,N,
1384,SZ,P_OKPCH,2027,2026,PR_REG_0,Santé (HMO),PRAXIS,N,
1384,SZ,P_OKPCH,2027,2026,PR_REG_0,Telmed,TEL_DIG,N,
1384,TG,P_OKPCH,2027,2026,PR_REG_0,Bestcare (BESTCARE),PRAXIS,N,
1384,TG,P_OKPCH,2027,2026,PR_REG_0,Casa,PRAXIS,N,
1384,TG,P_OKPCH,2027,2026,PR_REG_0,Medica (MEDICA),PRAXIS,N,
1384,TG,P_OKPCH,2027,2026,PR_REG_0,Medpharm (PHARMA),FLEX,N,
1384,TG,P_OKPCH,2027,2026,PR_REG_0,Multichoice (MULTICHOICE),FLEX,N,
1384,TG,P_OKPCH,2027,2026,PR_REG_0,Santé (HMO),PRAXIS,N,
1384,TG,P_OKPCH,2027,2026,PR_REG_0,Telmed,TEL_DIG,N,
1384,TI,P_OKPCH,2027,2026,PR_REG_1,Casa,PRAXIS,N,
1384,TI,P_OKPCH,2027,2026,PR_REG_1,Medica (MEDICA),PRAXIS,N,
1384,TI,P_OKPCH,2027,2026,PR_REG_1,Medpharm (PHARMA),FLEX,N,
1384,TI,P_OKPCH,2027,2026,PR_REG_1,Multichoice (MULTICHOICE),FLEX,N,
1384,TI,P_OKPCH,2027,2026,PR_REG_1,Santé (HMO),PRAXIS,N,
1384,TI,P_OKPCH,2027,2026,PR_REG_1,Telmed,TEL_DIG,N,
1384,TI,P_OKPCH,2027,2026,PR_REG_2,Casa,PRAXIS,N,
1384,TI,P_OKPCH,2027,2026,PR_REG_2,Medica (MEDICA),PRAXIS,N,
1384,TI,P_OKPCH,2027,2026,PR_REG_2,Medpharm (PHARMA),FLEX,N,
1384,TI,P_OKPCH,2027,2026,PR_REG_2,Multichoice (MULTICHOICE),FLEX,N,
1384,TI,P_OKPCH,2027,2026,PR_REG_2,Santé (HMO),PRAXIS,N,
1384,TI,P_OKPCH,2027,2026,PR_REG_2,Telmed,TEL_DIG,N,
1384,UR,P_OKPCH,2027,2026,PR_REG_0,Casa,PRAXIS,N,
1384,UR,P_OKPCH,2027,2026,PR_REG_0,Medica (MEDICA),PRAXIS,N,
1384,UR,P_OKPCH,2027,2026,PR_REG_0,Medpharm (PHARMA),FLEX,N,
1384,UR,P_OKPCH,2027,2026,PR_REG_0,Multichoice (MULTICHOICE),FLEX,N,
1384,UR,P_OKPCH,2027,2026,PR_REG_0,Santé (HMO),PRAXIS,N,
1384,UR,P_OKPCH,2027,2026,PR_REG_0,Telmed,TEL_DIG,N,
1384,VD,P_OKPCH,2027,2026,PR_REG_1,Bestcare (BESTCARE),PRAXIS,N,
1384,VD,P_OKPCH,2027,2026,PR_REG_1,Casa,PRAXIS,N,
1384,VD,P_OKPCH,2027,2026,PR_REG_1,Medica (MEDICA),PRAXIS,N,
1384,VD,P_OKPCH,2027,2026,PR_REG_1,Medpharm (PHARMA),FLEX,N,
1384,VD,P_OKPCH,2027,2026,PR_REG_1,Multichoice (MULTICHOICE),FLEX,N,
1384,VD,P_OKPCH,2027,2026,PR_REG_1,Santé (HMO),PRAXIS,N,
1384,VD,P_OKPCH,2027,2026,PR_REG_1,Telmed,TEL_DIG,N,
1384,VD,P_OKPCH,2027,2026,PR_REG_2,Bestcare (BESTCARE),PRAXIS,N,
1384,VD,P_OKPCH,2027,2026,PR_REG_2,Casa,PRAXIS,N,
1384,VD,P_OKPCH,2027,2026,PR_REG_2,Medica (MEDICA),PRAXIS,N,
1384,VD,P_OKPCH,2027,2026,PR_REG_2,Medpharm (PHARMA),FLEX,N,
1384,VD,P_OKPCH,2027,2026,PR_REG_2,Multichoice (MULTICHOICE),FLEX,N,
1384,VD,P_OKPCH,2027,2026,PR_REG_2,Santé (HMO),PRAXIS,N,
1384,VD,P_OKPCH,2027,2026,PR_REG_2,Telmed,TEL_DIG,N,
1384,VS,P_OKPCH,2027,2026,PR_REG_1,Casa,PRAXIS,N,
1384,VS,P_OKPCH,2027,2026,PR_REG_1,Medica (MEDICA),PRAXIS,N,
1384,VS,P_OKPCH,2027,2026,PR_REG_1,Medpharm (PHARMA),FLEX,N,
1384,VS,P_OKPCH,2027,2026,PR_REG_1,Multichoice (MULTICHOICE),FLEX,N,
1384,VS,P_OKPCH,2027,2026,PR_REG_1,Telmed,TEL_DIG,N,
1384,VS,P_OKPCH,2027,2026,PR_REG_2,Casa,PRAXIS,N,
1384,VS,P_OKPCH,2027,2026,PR_REG_2,Medica (MEDICA),PRAXIS,N,
1384,VS,P_OKPCH,2027,2026,PR_REG_2,Medpharm (PHARMA),FLEX,N,
1384,VS,P_OKPCH,2027,2026,PR_REG_2,Multichoice (MULTICHOICE),FLEX,N,
1384,VS,P_OKPCH,2027,2026,PR_REG_2,Telmed,TEL_DIG,N,
1384,ZG,P_OKPCH,2027,2026,PR_REG_0,Casa,PRAXIS,N,
1384,ZG,P_OKPCH,2027,2026,PR_REG_0,Medica (MEDICA),PRAXIS,N,
1384,ZG,P_OKPCH,2027,2026,PR_REG_0,Medpharm (PHARMA),FLEX,N,
1384,ZG,P_OKPCH,2027,2026,PR_REG_0,Multichoice (MULTICHOICE),FLEX,N,
1384,ZG,P_OKPCH,2027,2026,PR_REG_0,Santé (HMO),PRAXIS,N,
1384,ZG,P_OKPCH,2027,2026,PR_REG_0,Telmed,TEL_DIG,N,
1384,ZH,P_OKPCH,2027,2026,PR_REG_1,Bestcare (BESTCARE),PRAXIS,N,
1384,ZH,P_OKPCH,2027,2026,PR_REG_1,Casa,PRAXIS,N,
1384,ZH,P_OKPCH,2027,2026,PR_REG_1,Medica (MEDICA),PRAXIS,N,
1384,ZH,P_OKPCH,2027,2026,PR_REG_1,Medpharm (PHARMA),FLEX,N,
1384,ZH,P_OKPCH,2027,2026,PR_REG_1,Multichoice (MULTICHOICE),FLEX,N,
1384,ZH,P_OKPCH,2027,2026,PR_REG_1,Santé (HMO),PRAXIS,N,
1384,ZH,P_OKPCH,2027,2026,PR_REG_1,Telmed,TEL_DIG,N,
1384,ZH,P_OKPCH,2027,2026,PR_REG_2,Bestcare (BESTCARE),PRAXIS,N,
1384,ZH,P_OKPCH,2027,2026,PR_REG_2,Casa,PRAXIS,N,
1384,ZH,P_OKPCH,2027,2026,PR_REG_2,Favorit Start,TEL_DIG,N,
1384,ZH,P_OKPCH,2027,2026,PR_REG_2,Medica (MEDICA),PRAXIS,N,
1384,ZH,P_OKPCH,2027,2026,PR_REG_2,Medpharm (PHARMA),FLEX,N,
1384,ZH,P_OKPCH,2027,2026,PR_REG_2,Multichoice (MULTICHOICE),FLEX,N,
1384,ZH,P_OKPCH,2027,2026,PR_REG_2,Santé (HMO),PRAXIS,N,
1384,ZH,P_OKPCH,2027,2026,PR_REG_2,Telmed,TEL_DIG,N,
1384,ZH,P_OKPCH,2027,2026,PR_REG_3,Bestcare (BESTCARE),PRAXIS,N,
1384,ZH,P_OKPCH,2027,2026,PR_REG_3,Casa,PRAXIS,N,
1384,ZH,P_OKPCH,2027,2026,PR_REG_3,Favorit Start,TEL_DIG,N,
1384,ZH,P_OKPCH,2027,2026,PR_REG_3,Medica (MEDICA),PRAXIS,N,
1384,ZH,P_OKPCH,2027,2026,PR_REG_3,Medpharm (PHARMA),FLEX,N,
1384,ZH,P_OKPCH,2027,2026,PR_REG_3,Multichoice (MULTICHOICE),FLEX,N,
1384,ZH,P_OKPCH,2027,2026,PR_REG_3,Santé (HMO),PRAXIS,N,
1384,ZH,P_OKPCH,2027,2026,PR_REG_3,Telmed,TEL_DIG,N,
1386,AG,P_OKPCH,2027,2026,PR_REG_0,COC,FLEX,N,
1386,AG,P_OKPCH,2027,2026,PR_REG_0,MCMIT,PRAXIS,N,
1386,AG,P_OKPCH,2027,2026,PR_REG_0,MD,PRAXIS,N,
1386,AG,P_OKPCH,2027,2026,PR_REG_0,TDO,TEL_DIG,N,
1386,AG,P_OKPCH,2027,2026,PR_REG_0,VIVA,PRAXIS,Y,"4001,4002,4003,4004,4005,4006,4007,4008,4009,4010,4012,4013,4131,4132,4134,4135,4136,4137,4138,4139,4140,4141,4142,4143,4144,4145,4146,4147,4271,4273,4274,4275,4276,4277,4279,4280,4281,4282,4283,4284,4285,4286,4287,4288,4289"
1386,AI,P_OKPCH,2027,2026,PR_REG_0,COC,FLEX,N,
1386,AI,P_OKPCH,2027,2026,PR_REG_0,MCMIT,PRAXIS,N,
1386,AI,P_OKPCH,2027,2026,PR_REG_0,MD,PRAXIS,N,
1386,AI,P_OKPCH,2027,2026,PR_REG_0,TDO,TEL_DIG,N,
1386,AR,P_OKPCH,2027,2026,PR_REG_0,COC,FLEX,N,
1386,AR,P_OKPCH,2027,2026,PR_REG_0,MCMIT,PRAXIS,N,
1386,AR,P_OKPCH,2027,2026,PR_REG_0,MD,PRAXIS,N,
1386,AR,P_OKPCH,2027,2026,PR_REG_0,TDO,TEL_DIG,N,
1386,BE,P_OKPCH,2027,2026,PR_REG_1,COC,FLEX,N,
1386,BE,P_OKPCH,2027,2026,PR_REG_1,MCMIT,PRAXIS,N,
1386,BE,P_OKPCH,2027,2026,PR_REG_1,MD,PRAXIS,N,
1386,BE,P_OKPCH,2027,2026,PR_REG_1,TDO,TEL_DIG,N,
1386,BE,P_OKPCH,2027,2026,PR_REG_2,COC,FLEX,N,
1386,BE,P_OKPCH,2027,2026,PR_REG_2,MCMIT,PRAXIS,N,
1386,BE,P_OKPCH,2027,2026,PR_REG_2,MD,PRAXIS,N,
1386,BE,P_OKPCH,2027,2026,PR_REG_2,TDO,TEL_DIG,N,
1386,BE,P_OKPCH,2027,2026,PR_REG_3,COC,FLEX,N,
1386,BE,P_OKPCH,2027,2026,PR_REG_3,MCMIT,PRAXIS,N,
1386,BE,P_OKPCH,2027,2026,PR_REG_3,MD,PRAXIS,N,
1386,BE,P_OKPCH,2027,2026,PR_REG_3,TDO,TEL_DIG,N,
1386,BL,P_OKPCH,2027,2026,PR_REG_1,COC,FLEX,N,
1386,BL,P_OKPCH,2027,2026,PR_REG_1,MCMIT,PRAXIS,N,
1386,BL,P_OKPCH,2027,2026,PR_REG_1,MD,PRAXIS,N,
1386,BL,P_OKPCH,2027,2026,PR_REG_1,TDO,TEL_DIG,N,
1386,BL,P_OKPCH,2027,2026,PR_REG_2,COC,FLEX,N,
1386,BL,P_OKPCH,2027,2026,PR_REG_2,MCMIT,PRAXIS,N,
1386,BL,P_OKPCH,2027,2026,PR_REG_2,MD,PRAXIS,N,
1386,BL,P_OKPCH,2027,2026,PR_REG_2,TDO,TEL_DIG,N,
1386,BS,P_OKPCH,2027,2026,PR_REG_0,COC,FLEX,N,
1386,BS,P_OKPCH,2027,2026,PR_REG_0,MCMIT,PRAXIS,N,
1386,BS,P_OKPCH,2027,2026,PR_REG_0,MD,PRAXIS,N,
1386,BS,P_OKPCH,2027,2026,PR_REG_0,TDO,TEL_DIG,N,
1386,FR,P_OKPCH,2027,2026,PR_REG_1,COC,FLEX,N,
1386,FR,P_OKPCH,2027,2026,PR_REG_1,MCMIT,PRAXIS,N,
1386,FR,P_OKPCH,2027,2026,PR_REG_1,MD,PRAXIS,N,
1386,FR,P_OKPCH,2027,2026,PR_REG_1,TDO,TEL_DIG,N,
1386,FR,P_OKPCH,2027,2026,PR_REG_2,COC,FLEX,N,
1386,FR,P_OKPCH,2027,2026,PR_REG_2,MCMIT,PRAXIS,N,
1386,FR,P_OKPCH,2027,2026,PR_REG_2,MD,PRAXIS,N,
1386,FR,P_OKPCH,2027,2026,PR_REG_2,TDO,TEL_DIG,N,
1386,GE,P_OKPCH,2027,2026,PR_REG_0,COC,FLEX,N,
1386,GE,P_OKPCH,2027,2026,PR_REG_0,MCMIT,PRAXIS,N,
1386,GE,P_OKPCH,2027,2026,PR_REG_0,MD,PRAXIS,N,
1386,GE,P_OKPCH,2027,2026,PR_REG_0,TDO,TEL_DIG,N,
1386,GL,P_OKPCH,2027,2026,PR_REG_0,COC,FLEX,N,
1386,GL,P_OKPCH,2027,2026,PR_REG_0,MCMIT,PRAXIS,N,
1386,GL,P_OKPCH,2027,2026,PR_REG_0,MD,PRAXIS,N,
1386,GL,P_OKPCH,2027,2026,PR_REG_0,TDO,TEL_DIG,N,
1386,GR,P_OKPCH,2027,2026,PR_REG_1,COC,FLEX,N,
1386,GR,P_OKPCH,2027,2026,PR_REG_1,MCMIT,PRAXIS,N,
1386,GR,P_OKPCH,2027,2026,PR_REG_1,MD,PRAXIS,N,
1386,GR,P_OKPCH,2027,2026,PR_REG_1,TDO,TEL_DIG,N,
1386,GR,P_OKPCH,2027,2026,PR_REG_2,COC,FLEX,N,
1386,GR,P_OKPCH,2027,2026,PR_REG_2,MCMIT,PRAXIS,N,
1386,GR,P_OKPCH,2027,2026,PR_REG_2,MD,PRAXIS,N,
1386,GR,P_OKPCH,2027,2026,PR_REG_2,TDO,TEL_DIG,N,
1386,GR,P_OKPCH,2027,2026,PR_REG_3,COC,FLEX,N,
1386,GR,P_OKPCH,2027,2026,PR_REG_3,MCMIT,PRAXIS,N,
1386,GR,P_OKPCH,2027,2026,PR_REG_3,MD,PRAXIS,N,
1386,GR,P_OKPCH,2027,2026,PR_REG_3,TDO,TEL_DIG,N,
1386,JU,P_OKPCH,2027,2026,PR_REG_0,COC,FLEX,N,
1386,JU,P_OKPCH,2027,2026,PR_REG_0,MCMIT,PRAXIS,N,
1386,JU,P_OKPCH,2027,2026,PR_REG_0,MD,PRAXIS,N,
1386,JU,P_OKPCH,2027,2026,PR_REG_0,TDO,TEL_DIG,N,
1386,LU,P_OKPCH,2027,2026,PR_REG_1,COC,FLEX,N,
1386,LU,P_OKPCH,2027,2026,PR_REG_1,MCMIT,PRAXIS,N,
1386,LU,P_OKPCH,2027,2026,PR_REG_1,MD,PRAXIS,N,
1386,LU,P_OKPCH,2027,2026,PR_REG_1,TDO,TEL_DIG,N,
1386,LU,P_OKPCH,2027,2026,PR_REG_2,COC,FLEX,N,
1386,LU,P_OKPCH,2027,2026,PR_REG_2,MCMIT,PRAXIS,N,
1386,LU,P_OKPCH,2027,2026,PR_REG_2,MD,PRAXIS,N,
1386,LU,P_OKPCH,2027,2026,PR_REG_2,TDO,TEL_DIG,N,
1386,LU,P_OKPCH,2027,2026,PR_REG_3,COC,FLEX,N,
1386,LU,P_OKPCH,2027,2026,PR_REG_3,MCMIT,PRAXIS,N,
1386,LU,P_OKPCH,2027,2026,PR_REG_3,MD,PRAXIS,N,
1386,LU,P_OKPCH,2027,2026,PR_REG_3,TDO,TEL_DIG,N,
1386,NE,P_OKPCH,2027,2026,PR_REG_0,COC,FLEX,N,
1386,NE,P_OKPCH,2027,2026,PR_REG_0,MCMIT,PRAXIS,N,
1386,NE,P_OKPCH,2027,2026,PR_REG_0,MD,PRAXIS,N,
1386,NE,P_OKPCH,2027,2026,PR_REG_0,TDO,TEL_DIG,N,
1386,NW,P_OKPCH,2027,2026,PR_REG_0,COC,FLEX,N,
1386,NW,P_OKPCH,2027,2026,PR_REG_0,MCMIT,PRAXIS,N,
1386,NW,P_OKPCH,2027,2026,PR_REG_0,MD,PRAXIS,N,
1386,NW,P_OKPCH,2027,2026,PR_REG_0,TDO,TEL_DIG,N,
1386,OW,P_OKPCH,2027,2026,PR_REG_0,COC,FLEX,N,
1386,OW,P_OKPCH,2027,2026,PR_REG_0,MCMIT,PRAXIS,N,
1386,OW,P_OKPCH,2027,2026,PR_REG_0,MD,PRAXIS,N,
1386,OW,P_OKPCH,2027,2026,PR_REG_0,TDO,TEL_DIG,N,
1386,SG,P_OKPCH,2027,2026,PR_REG_1,COC,FLEX,N,
1386,SG,P_OKPCH,2027,2026,PR_REG_1,MCMIT,PRAXIS,N,
1386,SG,P_OKPCH,2027,2026,PR_REG_1,MD,PRAXIS,N,
1386,SG,P_OKPCH,2027,2026,PR_REG_1,TDO,TEL_DIG,N,
1386,SG,P_OKPCH,2027,2026,PR_REG_2,COC,FLEX,N,
1386,SG,P_OKPCH,2027,2026,PR_REG_2,MCMIT,PRAXIS,N,
1386,SG,P_OKPCH,2027,2026,PR_REG_2,MD,PRAXIS,N,
1386,SG,P_OKPCH,2027,2026,PR_REG_2,TDO,TEL_DIG,N,
1386,SG,P_OKPCH,2027,2026,PR_REG_3,COC,FLEX,N,
1386,SG,P_OKPCH,2027,2026,PR_REG_3,MCMIT,PRAXIS,N,
1386,SG,P_OKPCH,2027,2026,PR_REG_3,MD,PRAXIS,N,
1386,SG,P_OKPCH,2027,2026,PR_REG_3,TDO,TEL_DIG,N,
1386,SH,P_OKPCH,2027,2026,PR_REG_1,COC,FLEX,N,
1386,SH,P_OKPCH,2027,2026,PR_REG_1,MCMIT,PRAXIS,N,
1386,SH,P_OKPCH,2027,2026,PR_REG_1,MD,PRAXIS,N,
1386,SH,P_OKPCH,2027,2026,PR_REG_1,TDO,TEL_DIG,N,
1386,SH,P_OKPCH,2027,2026,PR_REG_2,COC,FLEX,N,
1386,SH,P_OKPCH,2027,2026,PR_REG_2,MCMIT,PRAXIS,N,
1386,SH,P_OKPCH,2027,2026,PR_REG_2,MD,PRAXIS,N,
1386,SH,P_OKPCH,2027,2026,PR_REG_2,TDO,TEL_DIG,N,
1386,SO,P_OKPCH,2027,2026,PR_REG_0,COC,FLEX,N,
1386,SO,P_OKPCH,2027,2026,PR_REG_0,MCMIT,PRAXIS,N,
1386,SO,P_OKPCH,2027,2026,PR_REG_0,MD,PRAXIS,N,
1386,SO,P_OKPCH,2027,2026,PR_REG_0,TDO,TEL_DIG,N,
1386,SZ,P_OKPCH,2027,2026,PR_REG_0,COC,FLEX,N,
1386,SZ,P_OKPCH,2027,2026,PR_REG_0,MCMIT,PRAXIS,N,
1386,SZ,P_OKPCH,2027,2026,PR_REG_0,MD,PRAXIS,N,
1386,SZ,P_OKPCH,2027,2026,PR_REG_0,TDO,TEL_DIG,N,
1386,TG,P_OKPCH,2027,2026,PR_REG_0,COC,FLEX,N,
1386,TG,P_OKPCH,2027,2026,PR_REG_0,MCMIT,PRAXIS,N,
1386,TG,P_OKPCH,2027,2026,PR_REG_0,MD,PRAXIS,N,
1386,TG,P_OKPCH,2027,2026,PR_REG_0,TDO,TEL_DIG,N,
1386,TI,P_OKPCH,2027,2026,PR_REG_1,COC,FLEX,N,
1386,TI,P_OKPCH,2027,2026,PR_REG_1,MCMIT,PRAXIS,N,
1386,TI,P_OKPCH,2027,2026,PR_REG_1,MD,PRAXIS,N,
1386,TI,P_OKPCH,2027,2026,PR_REG_1,TDO,TEL_DIG,N,
1386,TI,P_OKPCH,2027,2026,PR_REG_2,COC,FLEX,N,
1386,TI,P_OKPCH,2027,2026,PR_REG_2,MCMIT,PRAXIS,N,
1386,TI,P_OKPCH,2027,2026,PR_REG_2,MD,PRAXIS,N,
1386,TI,P_OKPCH,2027,2026,PR_REG_2,TDO,TEL_DIG,N,
1386,UR,P_OKPCH,2027,2026,PR_REG_0,COC,FLEX,N,
1386,UR,P_OKPCH,2027,2026,PR_REG_0,MCMIT,PRAXIS,N,
1386,UR,P_OKPCH,2027,2026,PR_REG_0,MD,PRAXIS,N,
1386,UR,P_OKPCH,2027,2026,PR_REG_0,TDO,TEL_DIG,N,
1386,VD,P_OKPCH,2027,2026,PR_REG_1,COC,FLEX,N,
1386,VD,P_OKPCH,2027,2026,PR_REG_1,MCMIT,PRAXIS,N,
1386,VD,P_OKPCH,2027,2026,PR_REG_1,MD,PRAXIS,N,
1386,VD,P_OKPCH,2027,2026,PR_REG_1,TDO,TEL_DIG,N,
1386,VD,P_OKPCH,2027,2026,PR_REG_2,COC,FLEX,N,
1386,VD,P_OKPCH,2027,2026,PR_REG_2,MCMIT,PRAXIS,N,
1386,VD,P_OKPCH,2027,2026,PR_REG_2,MD,PRAXIS,N,
1386,VD,P_OKPCH,2027,2026,PR_REG_2,TDO,TEL_DIG,N,
1386,VS,P_OKPCH,2027,2026,PR_REG_1,COC,FLEX,N,
1386,VS,P_OKPCH,2027,2026,PR_REG_1,MCMIT,PRAXIS,N,
1386,VS,P_OKPCH,2027,2026,PR_REG_1,MD,PRAXIS,N,
1386,VS,P_OKPCH,2027,2026,PR_REG_1,TDO,TEL_DIG,N,
1386,VS,P_OKPCH,2027,2026,PR_REG_2,COC,FLEX,N,
1386,VS,P_OKPCH,2027,2026,PR_REG_2,MCMIT,PRAXIS,N,
1386,VS,P_OKPCH,2027,2026,PR_REG_2,MD,PRAXIS,N,
1386,VS,P_OKPCH,2027,2026,PR_REG_2,TDO,TEL_DIG,N,
1386,ZG,P_OKPCH,2027,2026,PR_REG_0,COC,FLEX,N,
1386,ZG,P_OKPCH,2027,2026,PR_REG_0,MCMIT,PRAXIS,N,
1386,ZG,P_OKPCH,2027,2026,PR_REG_0,MD,PRAXIS,N,
1386,ZG,P_OKPCH,2027,2026,PR_REG_0,TDO,TEL_DIG,N,
1386,ZH,P_OKPCH,2027,2026,PR_REG_1,COC,FLEX,N,
1386,ZH,P_OKPCH,2027,2026,PR_REG_1,MCMIT,PRAXIS,N,
1386,ZH,P_OKPCH,2027,2026,PR_REG_1,MD,PRAXIS,N,
1386,ZH,P_OKPCH,2027,2026,PR_REG_1,TDO,TEL_DIG,N,
1386,ZH,P_OKPCH,2027,2026,PR_REG_2,COC,FLEX,N,
1386,ZH,P_OKPCH,2027,2026,PR_REG_2,MCMIT,PRAXIS,N,
1386,ZH,P_OKPCH,2027,2026,PR_REG_2,MD,PRAXIS,N,
1386,ZH,P_OKPCH,2027,2026,PR_REG_2,TDO,TEL_DIG,N,
1386,ZH,P_OKPCH,2027,2026,PR_REG_3,COC,FLEX,N,
1386,ZH,P_OKPCH,2027,2026,PR_REG_3,MCMIT,PRAXIS,N,
1386,ZH,P_OKPCH,2027,2026,PR_REG_3,MD,PRAXIS,N,
1386,ZH,P_OKPCH,2027,2026,PR_REG_3,TDO,TEL_DIG,N,
1401,AG,P_OKPCH,2027,2026,PR_REG_0,HAS,PRAXIS,N,
1401,AG,P_OKPCH,2027,2026,PR_REG_0,sanmed24,TEL_DIG,N,
1401,AI,P_OKPCH,2027,2026,PR_REG_0,HAS,PRAXIS,N,
1401,AI,P_OKPCH,2027,2026,PR_REG_0,sanmed24,TEL_DIG,N,
1401,AR,P_OKPCH,2027,2026,PR_REG_0,HAS,PRAXIS,N,
1401,AR,P_OKPCH,2027,2026,PR_REG_0,sanmed24,TEL_DIG,N,
1401,BE,P_OKPCH,2027,2026,PR_REG_1,HAS,PRAXIS,N,
1401,BE,P_OKPCH,2027,2026,PR_REG_1,sanmed24,TEL_DIG,N,
1401,BE,P_OKPCH,2027,2026,PR_REG_2,HAS,PRAXIS,N,
1401,BE,P_OKPCH,2027,2026,PR_REG_2,sanmed24,TEL_DIG,N,
1401,BE,P_OKPCH,2027,2026,PR_REG_3,HAS,PRAXIS,N,
1401,BE,P_OKPCH,2027,2026,PR_REG_3,sanmed24,TEL_DIG,N,
1401,BL,P_OKPCH,2027,2026,PR_REG_1,HAS,PRAXIS,N,
1401,BL,P_OKPCH,2027,2026,PR_REG_1,sanmed24,TEL_DIG,N,
1401,BL,P_OKPCH,2027,2026,PR_REG_2,HAS,PRAXIS,N,
1401,BL,P_OKPCH,2027,2026,PR_REG_2,sanmed24,TEL_DIG,N,
1401,BS,P_OKPCH,2027,2026,PR_REG_0,HAS,PRAXIS,N,
1401,BS,P_OKPCH,2027,2026,PR_REG_0,sanmed24,TEL_DIG,N,
1401,GL,P_OKPCH,2027,2026,PR_REG_0,HAS,PRAXIS,N,
1401,GL,P_OKPCH,2027,2026,PR_REG_0,sanmed24,TEL_DIG,N,
1401,GR,P_OKPCH,2027,2026,PR_REG_1,HAS,PRAXIS,N,
1401,GR,P_OKPCH,2027,2026,PR_REG_1,sanmed24,TEL_DIG,N,
1401,GR,P_OKPCH,2027,2026,PR_REG_2,HAS,PRAXIS,N,
1401,GR,P_OKPCH,2027,2026,PR_REG_2,sanmed24,TEL_DIG,N,
1401,GR,P_OKPCH,2027,2026,PR_REG_3,HAS,PRAXIS,N,
1401,GR,P_OKPCH,2027,2026,PR_REG_3,sanmed24,TEL_DIG,N,
1401,LU,P_OKPCH,2027,2026,PR_REG_1,HAS,PRAXIS,N,
1401,LU,P_OKPCH,2027,2026,PR_REG_1,sanmed24,TEL_DIG,N,
1401,LU,P_OKPCH,2027,2026,PR_REG_2,HAS,PRAXIS,N,
1401,LU,P_OKPCH,2027,2026,PR_REG_2,sanmed24,TEL_DIG,N,
1401,LU,P_OKPCH,2027,2026,PR_REG_3,HAS,PRAXIS,N,
1401,LU,P_OKPCH,2027,2026,PR_REG_3,sanmed24,TEL_DIG,N,
1401,NW,P_OKPCH,2027,2026,PR_REG_0,HAS,PRAXIS,N,
1401,NW,P_OKPCH,2027,2026,PR_REG_0,sanmed24,TEL_DIG,N,
1401,OW,P_OKPCH,2027,2026,PR_REG_0,HAS,PRAXIS,N,
1401,OW,P_OKPCH,2027,2026,PR_REG_0,sanmed24,TEL_DIG,N,
1401,SG,P_OKPCH,2027,2026,PR_REG_1,HAS,PRAXIS,N,
1401,SG,P_OKPCH,2027,2026,PR_REG_1,sanmed24,TEL_DIG,N,
1401,SG,P_OKPCH,2027,2026,PR_REG_2,HAS,PRAXIS,N,
1401,SG,P_OKPCH,2027,2026,PR_REG_2,sanmed24,TEL_DIG,N,
1401,SG,P_OKPCH,2027,2026,PR_REG_3,HAS,PRAXIS,N,
1401,SG,P_OKPCH,2027,2026,PR_REG_3,sanmed24,TEL_DIG,N,
1401,SH,P_OKPCH,2027,2026,PR_REG_1,HAS,PRAXIS,N,
1401,SH,P_OKPCH,2027,2026,PR_REG_1,sanmed24,TEL_DIG,N,
1401,SH,P_OKPCH,2027,2026,PR_REG_2,HAS,PRAXIS,N,
1401,SH,P_OKPCH,2027,2026,PR_REG_2,sanmed24,TEL_DIG,N,
1401,SO,P_OKPCH,2027,2026,PR_REG_0,HAS,PRAXIS,N,
1401,SO,P_OKPCH,2027,2026,PR_REG_0,sanmed24,TEL_DIG,N,
1401,SZ,P_OKPCH,2027,2026,PR_REG_0,HAS,PRAXIS,N,
1401,SZ,P_OKPCH,2027,2026,PR_REG_0,sanmed24,TEL_DIG,N,
1401,TG,P_OKPCH,2027,2026,PR_REG_0,HAS,PRAXIS,N,
1401,TG,P_OKPCH,2027,2026,PR_REG_0,sanmed24,TEL_DIG,N,
1401,UR,P_OKPCH,2027,2026,PR_REG_0,HAS,PRAXIS,N,
1401,UR,P_OKPCH,2027,2026,PR_REG_0,sanmed24,TEL_DIG,N,
1401,ZG,P_OKPCH,2027,2026,PR_REG_0,HAS,PRAXIS,N,
1401,ZG,P_OKPCH,2027,2026,PR_REG_0,sanmed24,TEL_DIG,N,
1401,ZH,P_OKPCH,2027,2026,PR_REG_1,HAS,PRAXIS,N,
1401,ZH,P_OKPCH,2027,2026,PR_REG_1,sanmed24,TEL_DIG,N,
1401,ZH,P_OKPCH,2027,2026,PR_REG_2,HAS,PRAXIS,N,
1401,ZH,P_OKPCH,2027,2026,PR_REG_2,sanmed24,TEL_DIG,N,
1401,ZH,P_OKPCH,2027,2026,PR_REG_3,HAS,PRAXIS,N,
1401,ZH,P_OKPCH,2027,2026,PR_REG_3,sanmed24,TEL_DIG,N,
1479,AG,P_OKPCH,2027,2026,PR_REG_0,OptiMed,PRAXIS,N,
1479,AG,P_OKPCH,2027,2026,PR_REG_0,PrimaCare,PRAXIS,N,
1479,AG,P_OKPCH,2027,2026,PR_REG_0,PrimaFlex,FLEX,N,
1479,AG,P_OKPCH,2027,2026,PR_REG_0,SanaTel,TEL_DIG,N,
1479,AI,P_OKPCH,2027,2026,PR_REG_0,OptiMed,PRAXIS,N,
1479,AI,P_OKPCH,2027,2026,PR_REG_0,PrimaCare,PRAXIS,N,
1479,AI,P_OKPCH,2027,2026,PR_REG_0,PrimaFlex,FLEX,N,
1479,AI,P_OKPCH,2027,2026,PR_REG_0,SanaTel,TEL_DIG,N,
1479,AR,P_OKPCH,2027,2026,PR_REG_0,OptiMed,PRAXIS,N,
1479,AR,P_OKPCH,2027,2026,PR_REG_0,PrimaCare,PRAXIS,N,
1479,AR,P_OKPCH,2027,2026,PR_REG_0,PrimaFlex,FLEX,N,
1479,AR,P_OKPCH,2027,2026,PR_REG_0,SanaTel,TEL_DIG,N,
1479,BE,P_OKPCH,2027,2026,PR_REG_1,OptiMed,PRAXIS,N,
1479,BE,P_OKPCH,2027,2026,PR_REG_1,PrimaCare,PRAXIS,N,
1479,BE,P_OKPCH,2027,2026,PR_REG_1,PrimaFlex,FLEX,N,
1479,BE,P_OKPCH,2027,2026,PR_REG_1,SanaTel,TEL_DIG,N,
1479,BE,P_OKPCH,2027,2026,PR_REG_2,OptiMed,PRAXIS,N,
1479,BE,P_OKPCH,2027,2026,PR_REG_2,PrimaCare,PRAXIS,N,
1479,BE,P_OKPCH,2027,2026,PR_REG_2,PrimaFlex,FLEX,N,
1479,BE,P_OKPCH,2027,2026,PR_REG_2,SanaTel,TEL_DIG,N,
1479,BE,P_OKPCH,2027,2026,PR_REG_3,OptiMed,PRAXIS,N,
1479,BE,P_OKPCH,2027,2026,PR_REG_3,PrimaCare,PRAXIS,N,
1479,BE,P_OKPCH,2027,2026,PR_REG_3,PrimaFlex,FLEX,N,
1479,BE,P_OKPCH,2027,2026,PR_REG_3,SanaTel,TEL_DIG,N,
1479,BL,P_OKPCH,2027,2026,PR_REG_1,OptiMed,PRAXIS,N,
1479,BL,P_OKPCH,2027,2026,PR_REG_1,PrimaCare,PRAXIS,N,
1479,BL,P_OKPCH,2027,2026,PR_REG_1,PrimaFlex,FLEX,N,
1479,BL,P_OKPCH,2027,2026,PR_REG_1,SanaTel,TEL_DIG,N,
1479,BL,P_OKPCH,2027,2026,PR_REG_2,OptiMed,PRAXIS,N,
1479,BL,P_OKPCH,2027,2026,PR_REG_2,PrimaCare,PRAXIS,N,
1479,BL,P_OKPCH,2027,2026,PR_REG_2,PrimaFlex,FLEX,N,
1479,BL,P_OKPCH,2027,2026,PR_REG_2,SanaTel,TEL_DIG,N,
1479,BS,P_OKPCH,2027,2026,PR_REG_0,OptiMed,PRAXIS,N,
1479,BS,P_OKPCH,2027,2026,PR_REG_0,PrimaCare,PRAXIS,N,
1479,BS,P_OKPCH,2027,2026,PR_REG_0,PrimaFlex,FLEX,N,
1479,BS,P_OKPCH,2027,2026,PR_REG_0,SanaTel,TEL_DIG,N,
1479,FR,P_OKPCH,2027,2026,PR_REG_1,OptiMed,PRAXIS,N,
1479,FR,P_OKPCH,2027,2026,PR_REG_1,PrimaCare,PRAXIS,N,
1479,FR,P_OKPCH,2027,2026,PR_REG_1,PrimaFlex,FLEX,N,
1479,FR,P_OKPCH,2027,2026,PR_REG_1,SanaTel,TEL_DIG,N,
1479,FR,P_OKPCH,2027,2026,PR_REG_2,OptiMed,PRAXIS,N,
1479,FR,P_OKPCH,2027,2026,PR_REG_2,PrimaCare,PRAXIS,N,
1479,FR,P_OKPCH,2027,2026,PR_REG_2,PrimaFlex,FLEX,N,
1479,FR,P_OKPCH,2027,2026,PR_REG_2,SanaTel,TEL_DIG,N,
1479,GE,P_OKPCH,2027,2026,PR_REG_0,OptiMed,PRAXIS,N,
1479,GE,P_OKPCH,2027,2026,PR_REG_0,PrimaCare,PRAXIS,N,
1479,GE,P_OKPCH,2027,2026,PR_REG_0,PrimaFlex,FLEX,N,
1479,GE,P_OKPCH,2027,2026,PR_REG_0,SanaTel,TEL_DIG,N,
1479,GL,P_OKPCH,2027,2026,PR_REG_0,PrimaCare,PRAXIS,N,
1479,GL,P_OKPCH,2027,2026,PR_REG_0,PrimaFlex,FLEX,N,
1479,GL,P_OKPCH,2027,2026,PR_REG_0,SanaTel,TEL_DIG,N,
1479,GR,P_OKPCH,2027,2026,PR_REG_1,OptiMed,PRAXIS,N,
1479,GR,P_OKPCH,2027,2026,PR_REG_1,PrimaCare,PRAXIS,N,
1479,GR,P_OKPCH,2027,2026,PR_REG_1,PrimaFlex,FLEX,N,
1479,GR,P_OKPCH,2027,2026,PR_REG_1,SanaTel,TEL_DIG,N,
1479,GR,P_OKPCH,2027,2026,PR_REG_2,OptiMed,PRAXIS,N,
1479,GR,P_OKPCH,2027,2026,PR_REG_2,PrimaCare,PRAXIS,N,
1479,GR,P_OKPCH,2027,2026,PR_REG_2,PrimaFlex,FLEX,N,
1479,GR,P_OKPCH,2027,2026,PR_REG_2,SanaTel,TEL_DIG,N,
1479,GR,P_OKPCH,2027,2026,PR_REG_3,OptiMed,PRAXIS,N,
1479,GR,P_OKPCH,2027,2026,PR_REG_3,PrimaCare,PRAXIS,N,
1479,GR,P_OKPCH,2027,2026,PR_REG_3,PrimaFlex,FLEX,N,
1479,GR,P_OKPCH,2027,2026,PR_REG_3,SanaTel,TEL_DIG,N,
1479,JU,P_OKPCH,2027,2026,PR_REG_0,OptiMed,PRAXIS,N,
1479,JU,P_OKPCH,2027,2026,PR_REG_0,PrimaCare,PRAXIS,N,
1479,JU,P_OKPCH,2027,2026,PR_REG_0,PrimaFlex,FLEX,N,
1479,JU,P_OKPCH,2027,2026,PR_REG_0,SanaTel,TEL_DIG,N,
1479,LU,P_OKPCH,2027,2026,PR_REG_1,OptiMed,PRAXIS,N,
1479,LU,P_OKPCH,2027,2026,PR_REG_1,PrimaCare,PRAXIS,N,
1479,LU,P_OKPCH,2027,2026,PR_REG_1,PrimaFlex,FLEX,N,
1479,LU,P_OKPCH,2027,2026,PR_REG_1,SanaTel,TEL_DIG,N,
1479,LU,P_OKPCH,2027,2026,PR_REG_2,OptiMed,PRAXIS,N,
1479,LU,P_OKPCH,2027,2026,PR_REG_2,PrimaCare,PRAXIS,N,
1479,LU,P_OKPCH,2027,2026,PR_REG_2,PrimaFlex,FLEX,N,
1479,LU,P_OKPCH,2027,2026,PR_REG_2,SanaTel,TEL_DIG,N,
1479,LU,P_OKPCH,2027,2026,PR_REG_3,OptiMed,PRAXIS,N,
1479,LU,P_OKPCH,2027,2026,PR_REG_3,PrimaCare,PRAXIS,N,
1479,LU,P_OKPCH,2027,2026,PR_REG_3,PrimaFlex,FLEX,N,
1479,LU,P_OKPCH,2027,2026,PR_REG_3,SanaTel,TEL_DIG,N,
1479,NE,P_OKPCH,2027,2026,PR_REG_0,OptiMed,PRAXIS,N,
1479,NE,P_OKPCH,2027,2026,PR_REG_0,PrimaCare,PRAXIS,N,
1479,NE,P_OKPCH,2027,2026,PR_REG_0,PrimaFlex,FLEX,N,
1479,NE,P_OKPCH,2027,2026,PR_REG_0,SanaTel,TEL_DIG,N,
1479,NW,P_OKPCH,2027,2026,PR_REG_0,OptiMed,PRAXIS,N,
1479,NW,P_OKPCH,2027,2026,PR_REG_0,PrimaCare,PRAXIS,N,
1479,NW,P_OKPCH,2027,2026,PR_REG_0,PrimaFlex,FLEX,N,
1479,NW,P_OKPCH,2027,2026,PR_REG_0,SanaTel,TEL_DIG,N,
1479,OW,P_OKPCH,2027,2026,PR_REG_0,PrimaCare,PRAXIS,N,
1479,OW,P_OKPCH,2027,2026,PR_REG_0,PrimaFlex,FLEX,N,
1479,OW,P_OKPCH,2027,2026,PR_REG_0,SanaTel,TEL_DIG,N,
1479,SG,P_OKPCH,2027,2026,PR_REG_1,OptiMed,PRAXIS,N,
1479,SG,P_OKPCH,2027,2026,PR_REG_1,PrimaCare,PRAXIS,N,
1479,SG,P_OKPCH,2027,2026,PR_REG_1,PrimaFlex,FLEX,N,
1479,SG,P_OKPCH,2027,2026,PR_REG_1,SanaTel,TEL_DIG,N,
1479,SG,P_OKPCH,2027,2026,PR_REG_2,OptiMed,PRAXIS,N,
1479,SG,P_OKPCH,2027,2026,PR_REG_2,PrimaCare,PRAXIS,N,
1479,SG,P_OKPCH,2027,2026,PR_REG_2,PrimaFlex,FLEX,N,
1479,SG,P_OKPCH,2027,2026,PR_REG_2,SanaTel,TEL_DIG,N,
1479,SG,P_OKPCH,2027,2026,PR_REG_3,OptiMed,PRAXIS,N,
1479,SG,P_OKPCH,2027,2026,PR_REG_3,PrimaCare,PRAXIS,N,
1479,SG,P_OKPCH,2027,2026,PR_REG_3,PrimaFlex,FLEX,N,
1479,SG,P_OKPCH,2027,2026,PR_REG_3,SanaTel,TEL_DIG,N,
1479,SH,P_OKPCH,2027,2026,PR_REG_1,OptiMed,PRAXIS,N,
1479,SH,P_OKPCH,2027,2026,PR_REG_1,PrimaCare,PRAXIS,N,
1479,SH,P_OKPCH,2027,2026,PR_REG_1,PrimaFlex,FLEX,N,
1479,SH,P_OKPCH,2027,2026,PR_REG_1,SanaTel,TEL_DIG,N,
1479,SH,P_OKPCH,2027,2026,PR_REG_2,OptiMed,PRAXIS,N,
1479,SH,P_OKPCH,2027,2026,PR_REG_2,PrimaCare,PRAXIS,N,
1479,SH,P_OKPCH,2027,2026,PR_REG_2,PrimaFlex,FLEX,N,
1479,SH,P_OKPCH,2027,2026,PR_REG_2,SanaTel,TEL_DIG,N,
1479,SO,P_OKPCH,2027,2026,PR_REG_0,OptiMed,PRAXIS,N,
1479,SO,P_OKPCH,2027,2026,PR_REG_0,PrimaCare,PRAXIS,N,
1479,SO,P_OKPCH,2027,2026,PR_REG_0,PrimaFlex,FLEX,N,
1479,SO,P_OKPCH,2027,2026,PR_REG_0,SanaTel,TEL_DIG,N,
1479,SZ,P_OKPCH,2027,2026,PR_REG_0,OptiMed,PRAXIS,N,
1479,SZ,P_OKPCH,2027,2026,PR_REG_0,PrimaCare,PRAXIS,N,
1479,SZ,P_OKPCH,2027,2026,PR_REG_0,PrimaFlex,FLEX,N,
1479,SZ,P_OKPCH,2027,2026,PR_REG_0,SanaTel,TEL_DIG,N,
1479,TG,P_OKPCH,2027,2026,PR_REG_0,OptiMed,PRAXIS,N,
1479,TG,P_OKPCH,2027,2026,PR_REG_0,PrimaCare,PRAXIS,N,
1479,TG,P_OKPCH,2027,2026,PR_REG_0,PrimaFlex,FLEX,N,
1479,TG,P_OKPCH,2027,2026,PR_REG_0,SanaTel,TEL_DIG,N,
1479,TI,P_OKPCH,2027,2026,PR_REG_1,PrimaCare,PRAXIS,N,
1479,TI,P_OKPCH,2027,2026,PR_REG_1,PrimaFlex,FLEX,N,
1479,TI,P_OKPCH,2027,2026,PR_REG_1,SanaTel,TEL_DIG,N,
1479,TI,P_OKPCH,2027,2026,PR_REG_2,PrimaCare,PRAXIS,N,
1479,TI,P_OKPCH,2027,2026,PR_REG_2,PrimaFlex,FLEX,N,
1479,TI,P_OKPCH,2027,2026,PR_REG_2,SanaTel,TEL_DIG,N,
1479,UR,P_OKPCH,2027,2026,PR_REG_0,OptiMed,PRAXIS,N,
1479,UR,P_OKPCH,2027,2026,PR_REG_0,PrimaCare,PRAXIS,N,
1479,UR,P_OKPCH,2027,2026,PR_REG_0,PrimaFlex,FLEX,N,
1479,UR,P_OKPCH,2027,2026,PR_REG_0,SanaTel,TEL_DIG,N,
1479,VD,P_OKPCH,2027,2026,PR_REG_1,OptiMed,PRAXIS,N,
1479,VD,P_OKPCH,2027,2026,PR_REG_1,PrimaCare,PRAXIS,N,
1479,VD,P_OKPCH,2027,2026,PR_REG_1,PrimaFlex,FLEX,N,
1479,VD,P_OKPCH,2027,2026,PR_REG_1,SanaTel,TEL_DIG,N,
1479,VD,P_OKPCH,2027,2026,PR_REG_2,OptiMed,PRAXIS,N,
1479,VD,P_OKPCH,2027,2026,PR_REG_2,PrimaCare,PRAXIS,N,
1479,VD,P_OKPCH,2027,2026,PR_REG_2,PrimaFlex,FLEX,N,
1479,VD,P_OKPCH,2027,2026,PR_REG_2,SanaTel,TEL_DIG,N,
1479,VS,P_OKPCH,2027,2026,PR_REG_1,OptiMed,PRAXIS,N,
1479,VS,P_OKPCH,2027,2026,PR_REG_1,PrimaCare,PRAXIS,N,
1479,VS,P_OKPCH,2027,2026,PR_REG_1,PrimaFlex,FLEX,N,
1479,VS,P_OKPCH,2027,2026,PR_REG_1,SanaTel,TEL_DIG,N,
1479,VS,P_OKPCH,2027,2026,PR_REG_2,OptiMed,PRAXIS,N,
1479,VS,P_OKPCH,2027,2026,PR_REG_2,PrimaCare,PRAXIS,N,
1479,VS,P_OKPCH,2027,2026,PR_REG_2,PrimaFlex,FLEX,N,
1479,VS,P_OKPCH,2027,2026,PR_REG_2,SanaTel,TEL_DIG,N,
1479,ZG,P_OKPCH,2027,2026,PR_REG_0,OptiMed,PRAXIS,N,
1479,ZG,P_OKPCH,2027,2026,PR_REG_0,PrimaCare,PRAXIS,N,
1479,ZG,P_OKPCH,2027,2026,PR_REG_0,PrimaFlex,FLEX,N,
1479,ZG,P_OKPCH,2027,2026,PR_REG_0,SanaTel,TEL_DIG,N,
1479,ZH,P_OKPCH,2027,2026,PR_REG_1,OptiMed,PRAXIS,N,
1479,ZH,P_OKPCH,2027,2026,PR_REG_1,PrimaCare,PRAXIS,N,
1479,ZH,P_OKPCH,2027,2026,PR_REG_1,PrimaFlex,FLEX,N,
1479,ZH,P_OKPCH,2027,2026,PR_REG_1,SanaTel,TEL_DIG,N,
1479,ZH,P_OKPCH,2027,2026,PR_REG_2,OptiMed,PRAXIS,N,
1479,ZH,P_OKPCH,2027,2026,PR_REG_2,PrimaCare,PRAXIS,N,
1479,ZH,P_OKPCH,2027,2026,PR_REG_2,PrimaFlex,FLEX,N,
1479,ZH,P_OKPCH,2027,2026,PR_REG_2,SanaTel,TEL_DIG,N,
1479,ZH,P_OKPCH,2027,2026,PR_REG_3,OptiMed,PRAXIS,N,
1479,ZH,P_OKPCH,2027,2026,PR_REG_3,PrimaCare,PRAXIS,N,
1479,ZH,P_OKPCH,2027,2026,PR_REG_3,PrimaFlex,FLEX,N,
1479,ZH,P_OKPCH,2027,2026,PR_REG_3,SanaTel,TEL_DIG,N,
1509,AG,P_OKPCH,2027,2026,PR_REG_0,Hausarztmodell 1 (NetMed 1),PRAXIS,N,
1509,AG,P_OKPCH,2027,2026,PR_REG_0,Hausarztmodell 2 (NetMed 2),PRAXIS,N,
1509,AG,P_OKPCH,2027,2026,PR_REG_0,Hausarztmodell 3 (NetMed 3),PRAXIS,N,
1509,AG,P_OKPCH,2027,2026,PR_REG_0,Hausarztmodell 4 (CareMed),PRAXIS,N,
1509,AG,P_OKPCH,2027,2026,PR_REG_0,MultiAccess (Medbase MultiAccess),FLEX,N,
1509,AG,P_OKPCH,2027,2026,PR_REG_0,TelMed Basic,TEL_DIG,N,
1509,AG,P_OKPCH,2027,2026,PR_REG_0,TelMed Plus,TEL_DIG,N,
1509,AI,P_OKPCH,2027,2026,PR_REG_0,Hausarztmodell 1 (NetMed 1),PRAXIS,N,
1509,AI,P_OKPCH,2027,2026,PR_REG_0,Hausarztmodell 2 (NetMed 2),PRAXIS,N,
1509,AI,P_OKPCH,2027,2026,PR_REG_0,Hausarztmodell 3 (NetMed 3),PRAXIS,N,
1509,AI,P_OKPCH,2027,2026,PR_REG_0,Hausarztmodell 4 (CareMed),PRAXIS,N,
1509,AI,P_OKPCH,2027,2026,PR_REG_0,MultiAccess (Medbase MultiAccess),FLEX,N,
1509,AI,P_OKPCH,2027,2026,PR_REG_0,TelMed Basic,TEL_DIG,N,
1509,AI,P_OKPCH,2027,2026,PR_REG_0,TelMed Plus,TEL_DIG,N,
1509,AR,P_OKPCH,2027,2026,PR_REG_0,Hausarztmodell 1 (NetMed 1),PRAXIS,N,
1509,AR,P_OKPCH,2027,2026,PR_REG_0,Hausarztmodell 2 (NetMed 2),PRAXIS,N,
1509,AR,P_OKPCH,2027,2026,PR_REG_0,Hausarztmodell 3 (NetMed 3),PRAXIS,N,
1509,AR,P_OKPCH,2027,2026,PR_REG_0,Hausarztmodell 4 (CareMed),PRAXIS,N,
1509,AR,P_OKPCH,2027,2026,PR_REG_0,MultiAccess (Medbase MultiAccess),FLEX,N,
1509,AR,P_OKPCH,2027,2026,PR_REG_0,TelMed Basic,TEL_DIG,N,
1509,AR,P_OKPCH,2027,2026,PR_REG_0,TelMed Plus,TEL_DIG,N,
1509,BE,P_OKPCH,2027,2026,PR_REG_1,Hausarztmodell 1 (NetMed 1),PRAXIS,N,
1509,BE,P_OKPCH,2027,2026,PR_REG_1,Hausarztmodell 2 (NetMed 2),PRAXIS,N,
1509,BE,P_OKPCH,2027,2026,PR_REG_1,Hausarztmodell 3 (NetMed 3),PRAXIS,N,
1509,BE,P_OKPCH,2027,2026,PR_REG_1,Hausarztmodell 4 (CareMed),PRAXIS,N,
1509,BE,P_OKPCH,2027,2026,PR_REG_1,MultiAccess (Medbase MultiAccess),FLEX,N,
1509,BE,P_OKPCH,2027,2026,PR_REG_1,TelMed Basic,TEL_DIG,N,
1509,BE,P_OKPCH,2027,2026,PR_REG_1,TelMed Plus,TEL_DIG,N,
1509,BE,P_OKPCH,2027,2026,PR_REG_2,Hausarztmodell 1 (NetMed 1),PRAXIS,N,
1509,BE,P_OKPCH,2027,2026,PR_REG_2,Hausarztmodell 2 (NetMed 2),PRAXIS,N,
1509,BE,P_OKPCH,2027,2026,PR_REG_2,Hausarztmodell 3 (NetMed 3),PRAXIS,N,
1509,BE,P_OKPCH,2027,2026,PR_REG_2,Hausarztmodell 4 (CareMed),PRAXIS,N,
1509,BE,P_OKPCH,2027,2026,PR_REG_2,MultiAccess (Medbase MultiAccess),FLEX,N,
1509,BE,P_OKPCH,2027,2026,PR_REG_2,TelMed Basic,TEL_DIG,N,
1509,BE,P_OKPCH,2027,2026,PR_REG_2,TelMed Plus,TEL_DIG,N,
1509,BE,P_OKPCH,2027,2026,PR_REG_3,Hausarztmodell 1 (NetMed 1),PRAXIS,N,
1509,BE,P_OKPCH,2027,2026,PR_REG_3,Hausarztmodell 2 (NetMed 2),PRAXIS,N,
1509,BE,P_OKPCH,2027,2026,PR_REG_3,Hausarztmodell 3 (NetMed 3),PRAXIS,N,
1509,BE,P_OKPCH,2027,2026,PR_REG_3,Hausarztmodell 4 (CareMed),PRAXIS,N,
1509,BE,P_OKPCH,2027,2026,PR_REG_3,MultiAccess (Medbase MultiAccess),FLEX,N,
1509,BE,P_OKPCH,2027,2026,PR_REG_3,TelMed Basic,TEL_DIG,N,
1509,BE,P_OKPCH,2027,2026,PR_REG_3,TelMed Plus,TEL_DIG,N,
1509,BL,P_OKPCH,2027,2026,PR_REG_1,Hausarztmodell 1 (NetMed 1),PRAXIS,N,
1509,BL,P_OKPCH,2027,2026,PR_REG_1,Hausarztmodell 2 (NetMed 2),PRAXIS,N,
1509,BL,P_OKPCH,2027,2026,PR_REG_1,Hausarztmodell 3 (NetMed 3),PRAXIS,N,
1509,BL,P_OKPCH,2027,2026,PR_REG_1,Hausarztmodell 4 (CareMed),PRAXIS,N,
1509,BL,P_OKPCH,2027,2026,PR_REG_1,MultiAccess (Medbase MultiAccess),FLEX,N,
1509,BL,P_OKPCH,2027,2026,PR_REG_1,TelMed Basic,TEL_DIG,N,
1509,BL,P_OKPCH,2027,2026,PR_REG_1,TelMed Plus,TEL_DIG,N,
1509,BL,P_OKPCH,2027,2026,PR_REG_2,Hausarztmodell 1 (NetMed 1),PRAXIS,N,
1509,BL,P_OKPCH,2027,2026,PR_REG_2,Hausarztmodell 2 (NetMed 2),PRAXIS,N,
1509,BL,P_OKPCH,2027,2026,PR_REG_2,Hausarztmodell 3 (NetMed 3),PRAXIS,N,
1509,BL,P_OKPCH,2027,2026,PR_REG_2,Hausarztmodell 4 (CareMed),PRAXIS,N,
1509,BL,P_OKPCH,2027,2026,PR_REG_2,MultiAccess (Medbase MultiAccess),FLEX,N,
1509,BL,P_OKPCH,2027,2026,PR_REG_2,TelMed Basic,TEL_DIG,N,
1509,BL,P_OKPCH,2027,2026,PR_REG_2,TelMed Plus,TEL_DIG,N,
1509,BS,P_OKPCH,2027,2026,PR_REG_0,Hausarztmodell 1 (NetMed 1),PRAXIS,N,
1509,BS,P_OKPCH,2027,2026,PR_REG_0,Hausarztmodell 2 (NetMed 2),PRAXIS,N,
1509,BS,P_OKPCH,2027,2026,PR_REG_0,Hausarztmodell 3 (NetMed 3),PRAXIS,N,
1509,BS,P_OKPCH,2027,2026,PR_REG_0,Hausarztmodell 4 (CareMed),PRAXIS,N,
1509,BS,P_OKPCH,2027,2026,PR_REG_0,MultiAccess (Medbase MultiAccess),FLEX,N,
1509,BS,P_OKPCH,2027,2026,PR_REG_0,TelMed Basic,TEL_DIG,N,
1509,BS,P_OKPCH,2027,2026,PR_REG_0,TelMed Plus,TEL_DIG,N,
1509,FR,P_OKPCH,2027,2026,PR_REG_1,Hausarztmodell 1 (NetMed 1),PRAXIS,N,
1509,FR,P_OKPCH,2027,2026,PR_REG_1,Hausarztmodell 2 (NetMed 2),PRAXIS,N,
1509,FR,P_OKPCH,2027,2026,PR_REG_1,Hausarztmodell 3 (NetMed 3),PRAXIS,N,
1509,FR,P_OKPCH,2027,2026,PR_REG_1,Hausarztmodell 4 (CareMed),PRAXIS,N,
1509,FR,P_OKPCH,2027,2026,PR_REG_1,MultiAccess (Medbase MultiAccess),FLEX,N,
1509,FR,P_OKPCH,2027,2026,PR_REG_1,TelMed Basic,TEL_DIG,N,
1509,FR,P_OKPCH,2027,2026,PR_REG_1,TelMed Plus,TEL_DIG,N,
1509,FR,P_OKPCH,2027,2026,PR_REG_2,Hausarztmodell 1 (NetMed 1),PRAXIS,N,
1509,FR,P_OKPCH,2027,2026,PR_REG_2,Hausarztmodell 2 (NetMed 2),PRAXIS,N,
1509,FR,P_OKPCH,2027,2026,PR_REG_2,Hausarztmodell 3 (NetMed 3),PRAXIS,N,
1509,FR,P_OKPCH,2027,2026,PR_REG_2,Hausarztmodell 4 (CareMed),PRAXIS,N,
1509,FR,P_OKPCH,2027,2026,PR_REG_2,MultiAccess (Medbase MultiAccess),FLEX,N,
1509,FR,P_OKPCH,2027,2026,PR_REG_2,TelMed Basic,TEL_DIG,N,
1509,FR,P_OKPCH,2027,2026,PR_REG_2,TelMed Plus,TEL_DIG,N,
1509,GE,P_OKPCH,2027,2026,PR_REG_0,Hausarztmodell 1 (NetMed 1),PRAXIS,N,
1509,GE,P_OKPCH,2027,2026,PR_REG_0,Hausarztmodell 2 (NetMed 2),PRAXIS,N,
1509,GE,P_OKPCH,2027,2026,PR_REG_0,Hausarztmodell 3 (NetMed 3),PRAXIS,N,
1509,GE,P_OKPCH,2027,2026,PR_REG_0,Hausarztmodell 4 (CareMed),PRAXIS,N,
1509,GE,P_OKPCH,2027,2026,PR_REG_0,MultiAccess (Medbase MultiAccess),FLEX,N,
1509,GE,P_OKPCH,2027,2026,PR_REG_0,TelMed Basic,TEL_DIG,N,
1509,GE,P_OKPCH,2027,2026,PR_REG_0,TelMed Plus,TEL_DIG,N,
1509,GL,P_OKPCH,2027,2026,PR_REG_0,Hausarztmodell 1 (NetMed 1),PRAXIS,N,
1509,GL,P_OKPCH,2027,2026,PR_REG_0,Hausarztmodell 2 (NetMed 2),PRAXIS,N,
1509,GL,P_OKPCH,2027,2026,PR_REG_0,Hausarztmodell 3 (NetMed 3),PRAXIS,N,
1509,GL,P_OKPCH,2027,2026,PR_REG_0,Hausarztmodell 4 (CareMed),PRAXIS,N,
1509,GL,P_OKPCH,2027,2026,PR_REG_0,MultiAccess (Medbase MultiAccess),FLEX,N,
1509,GL,P_OKPCH,2027,2026,PR_REG_0,TelMed Basic,TEL_DIG,N,
1509,GL,P_OKPCH,2027,2026,PR_REG_0,TelMed Plus,TEL_DIG,N,
1509,GR,P_OKPCH,2027,2026,PR_REG_1,Hausarztmodell 1 (NetMed 1),PRAXIS,N,
1509,GR,P_OKPCH,2027,2026,PR_REG_1,Hausarztmodell 2 (NetMed 2),PRAXIS,N,
1509,GR,P_OKPCH,2027,2026,PR_REG_1,Hausarztmodell 3 (NetMed 3),PRAXIS,N,
1509,GR,P_OKPCH,2027,2026,PR_REG_1,Hausarztmodell 4 (CareMed),PRAXIS,N,
1509,GR,P_OKPCH,2027,2026,PR_REG_1,MultiAccess (Medbase MultiAccess),FLEX,N,
1509,GR,P_OKPCH,2027,2026,PR_REG_1,TelMed Basic,TEL_DIG,N,
1509,GR,P_OKPCH,2027,2026,PR_REG_1,TelMed Plus,TEL_DIG,N,
1509,GR,P_OKPCH,2027,2026,PR_REG_2,Hausarztmodell 1 (NetMed 1),PRAXIS,N,
1509,GR,P_OKPCH,2027,2026,PR_REG_2,Hausarztmodell 2 (NetMed 2),PRAXIS,N,
1509,GR,P_OKPCH,2027,2026,PR_REG_2,Hausarztmodell 3 (NetMed 3),PRAXIS,N,
1509,GR,P_OKPCH,2027,2026,PR_REG_2,Hausarztmodell 4 (CareMed),PRAXIS,N,
1509,GR,P_OKPCH,2027,2026,PR_REG_2,MultiAccess (Medbase MultiAccess),FLEX,N,
1509,GR,P_OKPCH,2027,2026,PR_REG_2,TelMed Basic,TEL_DIG,N,
1509,GR,P_OKPCH,2027,2026,PR_REG_2,TelMed Plus,TEL_DIG,N,
1509,GR,P_OKPCH,2027,2026,PR_REG_3,Hausarztmodell 1 (NetMed 1),PRAXIS,N,
1509,GR,P_OKPCH,2027,2026,PR_REG_3,Hausarztmodell 2 (NetMed 2),PRAXIS,N,
1509,GR,P_OKPCH,2027,2026,PR_REG_3,Hausarztmodell 3 (NetMed 3),PRAXIS,N,
1509,GR,P_OKPCH,2027,2026,PR_REG_3,Hausarztmodell 4 (CareMed),PRAXIS,N,
1509,GR,P_OKPCH,2027,2026,PR_REG_3,MultiAccess (Medbase MultiAccess),FLEX,N,
1509,GR,P_OKPCH,2027,2026,PR_REG_3,TelMed Basic,TEL_DIG,N,
1509,GR,P_OKPCH,2027,2026,PR_REG_3,TelMed Plus,TEL_DIG,N,
1509,JU,P_OKPCH,2027,2026,PR_REG_0,Hausarztmodell 1 (NetMed 1),PRAXIS,N,
1509,JU,P_OKPCH,2027,2026,PR_REG_0,Hausarztmodell 2 (NetMed 2),PRAXIS,N,
1509,JU,P_OKPCH,2027,2026,PR_REG_0,Hausarztmodell 3 (NetMed 3),PRAXIS,N,
1509,JU,P_OKPCH,2027,2026,PR_REG_0,Hausarztmodell 4 (CareMed),PRAXIS,N,
1509,JU,P_OKPCH,2027,2026,PR_REG_0,MultiAccess (Medbase MultiAccess),FLEX,N,
1509,JU,P_OKPCH,2027,2026,PR_REG_0,TelMed Basic,TEL_DIG,N,
1509,JU,P_OKPCH,2027,2026,PR_REG_0,TelMed Plus,TEL_DIG,N,
1509,LU,P_OKPCH,2027,2026,PR_REG_1,Hausarztmodell 1 (NetMed 1),PRAXIS,N,
1509,LU,P_OKPCH,2027,2026,PR_REG_1,Hausarztmodell 2 (NetMed 2),PRAXIS,N,
1509,LU,P_OKPCH,2027,2026,PR_REG_1,Hausarztmodell 3 (NetMed 3),PRAXIS,N,
1509,LU,P_OKPCH,2027,2026,PR_REG_1,Hausarztmodell 4 (CareMed),PRAXIS,N,
1509,LU,P_OKPCH,2027,2026,PR_REG_1,MultiAccess (Medbase MultiAccess),FLEX,N,
1509,LU,P_OKPCH,2027,2026,PR_REG_1,TelMed Basic,TEL_DIG,N,
1509,LU,P_OKPCH,2027,2026,PR_REG_1,TelMed Plus,TEL_DIG,N,
1509,LU,P_OKPCH,2027,2026,PR_REG_2,Hausarztmodell 1 (NetMed 1),PRAXIS,N,
1509,LU,P_OKPCH,2027,2026,PR_REG_2,Hausarztmodell 2 (NetMed 2),PRAXIS,N,
1509,LU,P_OKPCH,2027,2026,PR_REG_2,Hausarztmodell 3 (NetMed 3),PRAXIS,N,
1509,LU,P_OKPCH,2027,2026,PR_REG_2,Hausarztmodell 4 (CareMed),PRAXIS,N,
1509,LU,P_OKPCH,2027,2026,PR_REG_2,MultiAccess (Medbase MultiAccess),FLEX,N,
1509,LU,P_OKPCH,2027,2026,PR_REG_2,TelMed Basic,TEL_DIG,N,
1509,LU,P_OKPCH,2027,2026,PR_REG_2,TelMed Plus,TEL_DIG,N,
1509,LU,P_OKPCH,2027,2026,PR_REG_3,Hausarztmodell 1 (NetMed 1),PRAXIS,N,
1509,LU,P_OKPCH,2027,2026,PR_REG_3,Hausarztmodell 2 (NetMed 2),PRAXIS,N,
1509,LU,P_OKPCH,2027,2026,PR_REG_3,Hausarztmodell 3 (NetMed 3),PRAXIS,N,
1509,LU,P_OKPCH,2027,2026,PR_REG_3,Hausarztmodell 4 (CareMed),PRAXIS,N,
1509,LU,P_OKPCH,2027,2026,PR_REG_3,MultiAccess (Medbase MultiAccess),FLEX,N,
1509,LU,P_OKPCH,2027,2026,PR_REG_3,TelMed Basic,TEL_DIG,N,
1509,LU,P_OKPCH,2027,2026,PR_REG_3,TelMed Plus,TEL_DIG,N,
1509,NE,P_OKPCH,2027,2026,PR_REG_0,Hausarztmodell 1 (NetMed 1),PRAXIS,N,
1509,NE,P_OKPCH,2027,2026,PR_REG_0,Hausarztmodell 2 (NetMed 2),PRAXIS,N,
1509,NE,P_OKPCH,2027,2026,PR_REG_0,Hausarztmodell 3 (NetMed 3),PRAXIS,N,
1509,NE,P_OKPCH,2027,2026,PR_REG_0,Hausarztmodell 4 (CareMed),PRAXIS,N,
1509,NE,P_OKPCH,2027,2026,PR_REG_0,MultiAccess (Medbase MultiAccess),FLEX,N,
1509,NE,P_OKPCH,2027,2026,PR_REG_0,TelMed Basic,TEL_DIG,N,
1509,NE,P_OKPCH,2027,2026,PR_REG_0,TelMed Plus,TEL_DIG,N,
1509,NW,P_OKPCH,2027,2026,PR_REG_0,Hausarztmodell 1 (NetMed 1),PRAXIS,N,
1509,NW,P_OKPCH,2027,2026,PR_REG_0,Hausarztmodell 2 (NetMed 2),PRAXIS,N,
1509,NW,P_OKPCH,2027,2026,PR_REG_0,Hausarztmodell 3 (NetMed 3),PRAXIS,N,
1509,NW,P_OKPCH,2027,2026,PR_REG_0,Hausarztmodell 4 (CareMed),PRAXIS,N,
1509,NW,P_OKPCH,2027,2026,PR_REG_0,MultiAccess (Medbase MultiAccess),FLEX,N,
1509,NW,P_OKPCH,2027,2026,PR_REG_0,TelMed Basic,TEL_DIG,N,
1509,NW,P_OKPCH,2027,2026,PR_REG_0,TelMed Plus,TEL_DIG,N,
1509,OW,P_OKPCH,2027,2026,PR_REG_0,Hausarztmodell 1 (NetMed 1),PRAXIS,N,
1509,OW,P_OKPCH,2027,2026,PR_REG_0,Hausarztmodell 2 (NetMed 2),PRAXIS,N,
1509,OW,P_OKPCH,2027,2026,PR_REG_0,Hausarztmodell 3 (NetMed 3),PRAXIS,N,
1509,OW,P_OKPCH,2027,2026,PR_REG_0,Hausarztmodell 4 (CareMed),PRAXIS,N,
1509,OW,P_OKPCH,2027,2026,PR_REG_0,MultiAccess (Medbase MultiAccess),FLEX,N,
1509,OW,P_OKPCH,2027,2026,PR_REG_0,TelMed Basic,TEL_DIG,N,
1509,OW,P_OKPCH,2027,2026,PR_REG_0,TelMed Plus,TEL_DIG,N,
1509,SG,P_OKPCH,2027,2026,PR_REG_1,Hausarztmodell 1 (NetMed 1),PRAXIS,N,
1509,SG,P_OKPCH,2027,2026,PR_REG_1,Hausarztmodell 2 (NetMed 2),PRAXIS,N,
1509,SG,P_OKPCH,2027,2026,PR_REG_1,Hausarztmodell 3 (NetMed 3),PRAXIS,N,
1509,SG,P_OKPCH,2027,2026,PR_REG_1,Hausarztmodell 4 (CareMed),PRAXIS,N,
1509,SG,P_OKPCH,2027,2026,PR_REG_1,MultiAccess (Medbase MultiAccess),FLEX,N,
1509,SG,P_OKPCH,2027,2026,PR_REG_1,TelMed Basic,TEL_DIG,N,
1509,SG,P_OKPCH,2027,2026,PR_REG_1,TelMed Plus,TEL_DIG,N,
1509,SG,P_OKPCH,2027,2026,PR_REG_2,Hausarztmodell 1 (NetMed 1),PRAXIS,N,
1509,SG,P_OKPCH,2027,2026,PR_REG_2,Hausarztmodell 2 (NetMed 2),PRAXIS,N,
1509,SG,P_OKPCH,2027,2026,PR_REG_2,Hausarztmodell 3 (NetMed 3),PRAXIS,N,
1509,SG,P_OKPCH,2027,2026,PR_REG_2,Hausarztmodell 4 (CareMed),PRAXIS,N,
1509,SG,P_OKPCH,2027,2026,PR_REG_2,MultiAccess (Medbase MultiAccess),FLEX,N,
1509,SG,P_OKPCH,2027,2026,PR_REG_2,TelMed Basic,TEL_DIG,N,
1509,SG,P_OKPCH,2027,2026,PR_REG_2,TelMed Plus,TEL_DIG,N,
1509,SG,P_OKPCH,2027,2026,PR_REG_3,Hausarztmodell 1 (NetMed 1),PRAXIS,N,
1509,SG,P_OKPCH,2027,2026,PR_REG_3,Hausarztmodell 2 (NetMed 2),PRAXIS,N,
1509,SG,P_OKPCH,2027,2026,PR_REG_3,Hausarztmodell 3 (NetMed 3),PRAXIS,N,
1509,SG,P_OKPCH,2027,2026,PR_REG_3,Hausarztmodell 4 (CareMed),PRAXIS,N,
1509,SG,P_OKPCH,2027,2026,PR_REG_3,MultiAccess (Medbase MultiAccess),FLEX,N,
1509,SG,P_OKPCH,2027,2026,PR_REG_3,TelMed Basic,TEL_DIG,N,
1509,SG,P_OKPCH,2027,2026,PR_REG_3,TelMed Plus,TEL_DIG,N,
1509,SH,P_OKPCH,2027,2026,PR_REG_1,Hausarztmodell 1 (NetMed 1),PRAXIS,N,
1509,SH,P_OKPCH,2027,2026,PR_REG_1,Hausarztmodell 2 (NetMed 2),PRAXIS,N,
1509,SH,P_OKPCH,2027,2026,PR_REG_1,Hausarztmodell 3 (NetMed 3),PRAXIS,N,
1509,SH,P_OKPCH,2027,2026,PR_REG_1,Hausarztmodell 4 (CareMed),PRAXIS,N,
1509,SH,P_OKPCH,2027,2026,PR_REG_1,MultiAccess (Medbase MultiAccess),FLEX,N,
1509,SH,P_OKPCH,2027,2026,PR_REG_1,TelMed Basic,TEL_DIG,N,
1509,SH,P_OKPCH,2027,2026,PR_REG_1,TelMed Plus,TEL_DIG,N,
1509,SH,P_OKPCH,2027,2026,PR_REG_2,Hausarztmodell 1 (NetMed 1),PRAXIS,N,
1509,SH,P_OKPCH,2027,2026,PR_REG_2,Hausarztmodell 2 (NetMed 2),PRAXIS,N,
1509,SH,P_OKPCH,2027,2026,PR_REG_2,Hausarztmodell 3 (NetMed 3),PRAXIS,N,
1509,SH,P_OKPCH,2027,2026,PR_REG_2,Hausarztmodell 4 (CareMed),PRAXIS,N,
1509,SH,P_OKPCH,2027,2026,PR_REG_2,MultiAccess (Medbase MultiAccess),FLEX,N,
1509,SH,P_OKPCH,2027,2026,PR_REG_2,TelMed Basic,TEL_DIG,N,
1509,SH,P_OKPCH,2027,2026,PR_REG_2,TelMed Plus,TEL_DIG,N,
1509,SO,P_OKPCH,2027,2026,PR_REG_0,Hausarztmodell 1 (NetMed 1),PRAXIS,N,
1509,SO,P_OKPCH,2027,2026,PR_REG_0,Hausarztmodell 2 (NetMed 2),PRAXIS,N,
1509,SO,P_OKPCH,2027,2026,PR_REG_0,Hausarztmodell 3 (NetMed 3),PRAXIS,N,
1509,SO,P_OKPCH,2027,2026,PR_REG_0,Hausarztmodell 4 (CareMed),PRAXIS,N,
1509,SO,P_OKPCH,2027,2026,PR_REG_0,MultiAccess (Medbase MultiAccess),FLEX,N,
1509,SO,P_OKPCH,2027,2026,PR_REG_0,TelMed Basic,TEL_DIG,N,
1509,SO,P_OKPCH,2027,2026,PR_REG_0,TelMed Plus,TEL_DIG,N,
1509,SZ,P_OKPCH,2027,2026,PR_REG_0,Hausarztmodell 1 (NetMed 1),PRAXIS,N,
1509,SZ,P_OKPCH,2027,2026,PR_REG_0,Hausarztmodell 2 (NetMed 2),PRAXIS,N,
1509,SZ,P_OKPCH,2027,2026,PR_REG_0,Hausarztmodell 3 (NetMed 3),PRAXIS,N,
1509,SZ,P_OKPCH,2027,2026,PR_REG_0,Hausarztmodell 4 (CareMed),PRAXIS,N,
1509,SZ,P_OKPCH,2027,2026,PR_REG_0,MultiAccess (Medbase MultiAccess),FLEX,N,
1509,SZ,P_OKPCH,2027,2026,PR_REG_0,TelMed Basic,TEL_DIG,N,
1509,SZ,P_OKPCH,2027,2026,PR_REG_0,TelMed Plus,TEL_DIG,N,
1509,TG,P_OKPCH,2027,2026,PR_REG_0,Hausarztmodell 1 (NetMed 1),PRAXIS,N,
1509,TG,P_OKPCH,2027,2026,PR_REG_0,Hausarztmodell 2 (NetMed 2),PRAXIS,N,
1509,TG,P_OKPCH,2027,2026,PR_REG_0,Hausarztmodell 3 (NetMed 3),PRAXIS,N,
1509,TG,P_OKPCH,2027,2026,PR_REG_0,Hausarztmodell 4 (CareMed),PRAXIS,N,
1509,TG,P_OKPCH,2027,2026,PR_REG_0,MultiAccess (Medbase MultiAccess),FLEX,N,
1509,TG,P_OKPCH,2027,2026,PR_REG_0,TelMed Basic,TEL_DIG,N,
1509,TG,P_OKPCH,2027,2026,PR_REG_0,TelMed Plus,TEL_DIG,N,
1509,TI,P_OKPCH,2027,2026,PR_REG_1,Hausarztmodell 1 (NetMed 1),PRAXIS,N,
1509,TI,P_OKPCH,2027,2026,PR_REG_1,Hausarztmodell 2 (NetMed 2),PRAXIS,N,
1509,TI,P_OKPCH,2027,2026,PR_REG_1,Hausarztmodell 3 (NetMed 3),PRAXIS,N,
1509,TI,P_OKPCH,2027,2026,PR_REG_1,Hausarztmodell 4 (CareMed),PRAXIS,N,
1509,TI,P_OKPCH,2027,2026,PR_REG_1,MultiAccess (Medbase MultiAccess),FLEX,N,
1509,TI,P_OKPCH,2027,2026,PR_REG_1,TelMed Basic,TEL_DIG,N,
1509,TI,P_OKPCH,2027,2026,PR_REG_1,TelMed Plus,TEL_DIG,N,
1509,TI,P_OKPCH,2027,2026,PR_REG_2,Hausarztmodell 1 (NetMed 1),PRAXIS,N,
1509,TI,P_OKPCH,2027,2026,PR_REG_2,Hausarztmodell 2 (NetMed 2),PRAXIS,N,
1509,TI,P_OKPCH,2027,2026,PR_REG_2,Hausarztmodell 3 (NetMed 3),PRAXIS,N,
1509,TI,P_OKPCH,2027,2026,PR_REG_2,Hausarztmodell 4 (CareMed),PRAXIS,N,
1509,TI,P_OKPCH,2027,2026,PR_REG_2,MultiAccess (Medbase MultiAccess),FLEX,N,
1509,TI,P_OKPCH,2027,2026,PR_REG_2,TelMed Basic,TEL_DIG,N,
1509,TI,P_OKPCH,2027,2026,PR_REG_2,TelMed Plus,TEL_DIG,N,
1509,UR,P_OKPCH,2027,2026,PR_REG_0,Hausarztmodell 1 (NetMed 1),PRAXIS,N,
1509,UR,P_OKPCH,2027,2026,PR_REG_0,Hausarztmodell 2 (NetMed 2),PRAXIS,N,
1509,UR,P_OKPCH,2027,2026,PR_REG_0,Hausarztmodell 3 (NetMed 3),PRAXIS,N,
1509,UR,P_OKPCH,2027,2026,PR_REG_0,Hausarztmodell 4 (CareMed),PRAXIS,N,
1509,UR,P_OKPCH,2027,2026,PR_REG_0,MultiAccess (Medbase MultiAccess),FLEX,N,
1509,UR,P_OKPCH,2027,2026,PR_REG_0,TelMed Basic,TEL_DIG,N,
1509,UR,P_OKPCH,2027,2026,PR_REG_0,TelMed Plus,TEL_DIG,N,
1509,VD,P_OKPCH,2027,2026,PR_REG_1,Hausarztmodell 1 (NetMed 1),PRAXIS,N,
1509,VD,P_OKPCH,2027,2026,PR_REG_1,Hausarztmodell 2 (NetMed 2),PRAXIS,N,
1509,VD,P_OKPCH,2027,2026,PR_REG_1,Hausarztmodell 3 (NetMed 3),PRAXIS,N,
1509,VD,P_OKPCH,2027,2026,PR_REG_1,Hausarztmodell 4 (CareMed),PRAXIS,N,
1509,VD,P_OKPCH,2027,2026,PR_REG_1,MultiAccess (Medbase MultiAccess),FLEX,N,
1509,VD,P_OKPCH,2027,2026,PR_REG_1,TelMed Basic,TEL_DIG,N,
1509,VD,P_OKPCH,2027,2026,PR_REG_1,TelMed Plus,TEL_DIG,N,
1509,VD,P_OKPCH,2027,2026,PR_REG_2,Hausarztmodell 1 (NetMed 1),PRAXIS,N,
1509,VD,P_OKPCH,2027,2026,PR_REG_2,Hausarztmodell 2 (NetMed 2),PRAXIS,N,
1509,VD,P_OKPCH,2027,2026,PR_REG_2,Hausarztmodell 3 (NetMed 3),PRAXIS,N,
1509,VD,P_OKPCH,2027,2026,PR_REG_2,Hausarztmodell 4 (CareMed),PRAXIS,N,
1509,VD,P_OKPCH,2027,2026,PR_REG_2,MultiAccess (Medbase MultiAccess),FLEX,N,
1509,VD,P_OKPCH,2027,2026,PR_REG_2,TelMed Basic,TEL_DIG,N,
1509,VD,P_OKPCH,2027,2026,PR_REG_2,TelMed Plus,TEL_DIG,N,
1509,VS,P_OKPCH,2027,2026,PR_REG_1,Hausarztmodell 1 (NetMed 1),PRAXIS,N,
1509,VS,P_OKPCH,2027,2026,PR_REG_1,Hausarztmodell 2 (NetMed 2),PRAXIS,N,
1509,VS,P_OKPCH,2027,2026,PR_REG_1,Hausarztmodell 3 (NetMed 3),PRAXIS,N,
1509,VS,P_OKPCH,2027,2026,PR_REG_1,Hausarztmodell 4 (CareMed),PRAXIS,N,
1509,VS,P_OKPCH,2027,2026,PR_REG_1,MultiAccess (Medbase MultiAccess),FLEX,N,
1509,VS,P_OKPCH,2027,2026,PR_REG_1,TelMed Basic,TEL_DIG,N,
1509,VS,P_OKPCH,2027,2026,PR_REG_1,TelMed Plus,TEL_DIG,N,
1509,VS,P_OKPCH,2027,2026,PR_REG_2,Hausarztmodell 1 (NetMed 1),PRAXIS,N,
1509,VS,P_OKPCH,2027,2026,PR_REG_2,Hausarztmodell 2 (NetMed 2),PRAXIS,N,
1509,VS,P_OKPCH,2027,2026,PR_REG_2,Hausarztmodell 3 (NetMed 3),PRAXIS,N,
1509,VS,P_OKPCH,2027,2026,PR_REG_2,Hausarztmodell 4 (CareMed),PRAXIS,N,
1509,VS,P_OKPCH,2027,2026,PR_REG_2,MultiAccess (Medbase MultiAccess),FLEX,N,
1509,VS,P_OKPCH,2027,2026,PR_REG_2,TelMed Basic,TEL_DIG,N,
1509,VS,P_OKPCH,2027,2026,PR_REG_2,TelMed Plus,TEL_DIG,N,
1509,ZG,P_OKPCH,2027,2026,PR_REG_0,Hausarztmodell 1 (NetMed 1),PRAXIS,N,
1509,ZG,P_OKPCH,2027,2026,PR_REG_0,Hausarztmodell 2 (NetMed 2),PRAXIS,N,
1509,ZG,P_OKPCH,2027,2026,PR_REG_0,Hausarztmodell 3 (NetMed 3),PRAXIS,N,
1509,ZG,P_OKPCH,2027,2026,PR_REG_0,Hausarztmodell 4 (CareMed),PRAXIS,N,
1509,ZG,P_OKPCH,2027,2026,PR_REG_0,MultiAccess (Medbase MultiAccess),FLEX,N,
1509,ZG,P_OKPCH,2027,2026,PR_REG_0,TelMed Basic,TEL_DIG,N,
1509,ZG,P_OKPCH,2027,2026,PR_REG_0,TelMed Plus,TEL_DIG,N,
1509,ZH,P_OKPCH,2027,2026,PR_REG_1,Hausarztmodell 1 (NetMed 1),PRAXIS,N,
1509,ZH,P_OKPCH,2027,2026,PR_REG_1,Hausarztmodell 2 (NetMed 2),PRAXIS,N,
1509,ZH,P_OKPCH,2027,2026,PR_REG_1,Hausarztmodell 3 (NetMed 3),PRAXIS,N,
1509,ZH,P_OKPCH,2027,2026,PR_REG_1,Hausarztmodell 4 (CareMed),PRAXIS,N,
1509,ZH,P_OKPCH,2027,2026,PR_REG_1,MultiAccess (Medbase MultiAccess),FLEX,N,
1509,ZH,P_OKPCH,2027,2026,PR_REG_1,TelMed Basic,TEL_DIG,N,
1509,ZH,P_OKPCH,2027,2026,PR_REG_1,TelMed Plus,TEL_DIG,N,
1509,ZH,P_OKPCH,2027,2026,PR_REG_2,Hausarztmodell 1 (NetMed 1),PRAXIS,N,
1509,ZH,P_OKPCH,2027,2026,PR_REG_2,Hausarztmodell 2 (NetMed 2),PRAXIS,N,
1509,ZH,P_OKPCH,2027,2026,PR_REG_2,Hausarztmodell 3 (NetMed 3),PRAXIS,N,
1509,ZH,P_OKPCH,2027,2026,PR_REG_2,Hausarztmodell 4 (CareMed),PRAXIS,N,
1509,ZH,P_OKPCH,2027,2026,PR_REG_2,MultiAccess (Medbase MultiAccess),FLEX,N,
1509,ZH,P_OKPCH,2027,2026,PR_REG_2,TelMed Basic,TEL_DIG,N,
1509,ZH,P_OKPCH,2027,2026,PR_REG_2,TelMed Plus,TEL_DIG,N,
1509,ZH,P_OKPCH,2027,2026,PR_REG_3,Hausarztmodell 1 (NetMed 1),PRAXIS,N,
1509,ZH,P_OKPCH,2027,2026,PR_REG_3,Hausarztmodell 2 (NetMed 2),PRAXIS,N,
1509,ZH,P_OKPCH,2027,2026,PR_REG_3,Hausarztmodell 3 (NetMed 3),PRAXIS,N,
1509,ZH,P_OKPCH,2027,2026,PR_REG_3,Hausarztmodell 4 (CareMed),PRAXIS,N,
1509,ZH,P_OKPCH,2027,2026,PR_REG_3,MultiAccess (Medbase MultiAccess),FLEX,N,
1509,ZH,P_OKPCH,2027,2026,PR_REG_3,TelMed Basic,TEL_DIG,N,
1509,ZH,P_OKPCH,2027,2026,PR_REG_3,TelMed Plus,TEL_DIG,N,
1535,AG,P_OKPCH,2027,2026,PR_REG_0,OptiMed,PRAXIS,N,
1535,AG,P_OKPCH,2027,2026,PR_REG_0,PrimaCare,PRAXIS,N,
1535,AG,P_OKPCH,2027,2026,PR_REG_0,PrimaFlex,FLEX,N,
1535,AG,P_OKPCH,2027,2026,PR_REG_0,SanaTel,TEL_DIG,N,
1535,AI,P_OKPCH,2027,2026,PR_REG_0,OptiMed,PRAXIS,N,
1535,AI,P_OKPCH,2027,2026,PR_REG_0,PrimaCare,PRAXIS,N,
1535,AI,P_OKPCH,2027,2026,PR_REG_0,PrimaFlex,FLEX,N,
1535,AI,P_OKPCH,2027,2026,PR_REG_0,SanaTel,TEL_DIG,N,
1535,AR,P_OKPCH,2027,2026,PR_REG_0,OptiMed,PRAXIS,N,
1535,AR,P_OKPCH,2027,2026,PR_REG_0,PrimaCare,PRAXIS,N,
1535,AR,P_OKPCH,2027,2026,PR_REG_0,PrimaFlex,FLEX,N,
1535,AR,P_OKPCH,2027,2026,PR_REG_0,SanaTel,TEL_DIG,N,
1535,BE,P_OKPCH,2027,2026,PR_REG_1,OptiMed,PRAXIS,N,
1535,BE,P_OKPCH,2027,2026,PR_REG_1,PrimaCare,PRAXIS,N,
1535,BE,P_OKPCH,2027,2026,PR_REG_1,PrimaFlex,FLEX,N,
1535,BE,P_OKPCH,2027,2026,PR_REG_1,SanaTel,TEL_DIG,N,
1535,BE,P_OKPCH,2027,2026,PR_REG_2,OptiMed,PRAXIS,N,
1535,BE,P_OKPCH,2027,2026,PR_REG_2,PrimaCare,PRAXIS,N,
1535,BE,P_OKPCH,2027,2026,PR_REG_2,PrimaFlex,FLEX,N,
1535,BE,P_OKPCH,2027,2026,PR_REG_2,SanaTel,TEL_DIG,N,
1535,BE,P_OKPCH,2027,2026,PR_REG_3,OptiMed,PRAXIS,N,
1535,BE,P_OKPCH,2027,2026,PR_REG_3,PrimaCare,PRAXIS,N,
1535,BE,P_OKPCH,2027,2026,PR_REG_3,PrimaFlex,FLEX,N,
1535,BE,P_OKPCH,2027,2026,PR_REG_3,SanaTel,TEL_DIG,N,
1535,BL,P_OKPCH,2027,2026,PR_REG_1,OptiMed,PRAXIS,N,
1535,BL,P_OKPCH,2027,2026,PR_REG_1,PrimaCare,PRAXIS,N,
1535,BL,P_OKPCH,2027,2026,PR_REG_1,PrimaFlex,FLEX,N,
1535,BL,P_OKPCH,2027,2026,PR_REG_1,SanaTel,TEL_DIG,N,
1535,BL,P_OKPCH,2027,2026,PR_REG_2,OptiMed,PRAXIS,N,
1535,BL,P_OKPCH,2027,2026,PR_REG_2,PrimaCare,PRAXIS,N,
1535,BL,P_OKPCH,2027,2026,PR_REG_2,PrimaFlex,FLEX,N,
1535,BL,P_OKPCH,2027,2026,PR_REG_2,SanaTel,TEL_DIG,N,
1535,BS,P_OKPCH,2027,2026,PR_REG_0,OptiMed,PRAXIS,N,
1535,BS,P_OKPCH,2027,2026,PR_REG_0,PrimaCare,PRAXIS,N,
1535,BS,P_OKPCH,2027,2026,PR_REG_0,PrimaFlex,FLEX,N,
1535,BS,P_OKPCH,2027,2026,PR_REG_0,SanaTel,TEL_DIG,N,
1535,FR,P_OKPCH,2027,2026,PR_REG_1,OptiMed,PRAXIS,N,
1535,FR,P_OKPCH,2027,2026,PR_REG_1,PrimaCare,PRAXIS,N,
1535,FR,P_OKPCH,2027,2026,PR_REG_1,PrimaFlex,FLEX,N,
1535,FR,P_OKPCH,2027,2026,PR_REG_1,SanaTel,TEL_DIG,N,
1535,FR,P_OKPCH,2027,2026,PR_REG_2,OptiMed,PRAXIS,N,
1535,FR,P_OKPCH,2027,2026,PR_REG_2,PrimaCare,PRAXIS,N,
1535,FR,P_OKPCH,2027,2026,PR_REG_2,PrimaFlex,FLEX,N,
1535,FR,P_OKPCH,2027,2026,PR_REG_2,SanaTel,TEL_DIG,N,
1535,GE,P_OKPCH,2027,2026,PR_REG_0,OptiMed,PRAXIS,N,
1535,GE,P_OKPCH,2027,2026,PR_REG_0,PrimaCare,PRAXIS,N,
1535,GE,P_OKPCH,2027,2026,PR_REG_0,PrimaFlex,FLEX,N,
1535,GE,P_OKPCH,2027,2026,PR_REG_0,SanaTel,TEL_DIG,N,
1535,GL,P_OKPCH,2027,2026,PR_REG_0,PrimaCare,PRAXIS,N,
1535,GL,P_OKPCH,2027,2026,PR_REG_0,PrimaFlex,FLEX,N,
1535,GL,P_OKPCH,2027,2026,PR_REG_0,SanaTel,TEL_DIG,N,
1535,GR,P_OKPCH,2027,2026,PR_REG_1,OptiMed,PRAXIS,N,
1535,GR,P_OKPCH,2027,2026,PR_REG_1,PrimaCare,PRAXIS,N,
1535,GR,P_OKPCH,2027,2026,PR_REG_1,PrimaFlex,FLEX,N,
1535,GR,P_OKPCH,2027,2026,PR_REG_1,SanaTel,TEL_DIG,N,
1535,GR,P_OKPCH,2027,2026,PR_REG_2,OptiMed,PRAXIS,N,
1535,GR,P_OKPCH,2027,2026,PR_REG_2,PrimaCare,PRAXIS,N,
1535,GR,P_OKPCH,2027,2026,PR_REG_2,PrimaFlex,FLEX,N,
1535,GR,P_OKPCH,2027,2026,PR_REG_2,SanaTel,TEL_DIG,N,
1535,GR,P_OKPCH,2027,2026,PR_REG_3,OptiMed,PRAXIS,N,
1535,GR,P_OKPCH,2027,2026,PR_REG_3,PrimaCare,PRAXIS,N,
1535,GR,P_OKPCH,2027,2026,PR_REG_3,PrimaFlex,FLEX,N,
1535,GR,P_OKPCH,2027,2026,PR_REG_3,SanaTel,TEL_DIG,N,
1535,JU,P_OKPCH,2027,2026,PR_REG_0,OptiMed,PRAXIS,N,
1535,JU,P_OKPCH,2027,2026,PR_REG_0,PrimaCare,PRAXIS,N,
1535,JU,P_OKPCH,2027,2026,PR_REG_0,PrimaFlex,FLEX,N,
1535,JU,P_OKPCH,2027,2026,PR_REG_0,SanaTel,TEL_DIG,N,
1535,LU,P_OKPCH,2027,2026,PR_REG_1,OptiMed,PRAXIS,N,
1535,LU,P_OKPCH,2027,2026,PR_REG_1,PrimaCare,PRAXIS,N,
1535,LU,P_OKPCH,2027,2026,PR_REG_1,PrimaFlex,FLEX,N,
1535,LU,P_OKPCH,2027,2026,PR_REG_1,SanaTel,TEL_DIG,N,
1535,LU,P_OKPCH,2027,2026,PR_REG_2,OptiMed,PRAXIS,N,
1535,LU,P_OKPCH,2027,2026,PR_REG_2,PrimaCare,PRAXIS,N,
1535,LU,P_OKPCH,2027,2026,PR_REG_2,PrimaFlex,FLEX,N,
1535,LU,P_OKPCH,2027,2026,PR_REG_2,SanaTel,TEL_DIG,N,
1535,LU,P_OKPCH,2027,2026,PR_REG_3,OptiMed,PRAXIS,N,
1535,LU,P_OKPCH,2027,2026,PR_REG_3,PrimaCare,PRAXIS,N,
1535,LU,P_OKPCH,2027,2026,PR_REG_3,PrimaFlex,FLEX,N,
1535,LU,P_OKPCH,2027,2026,PR_REG_3,SanaTel,TEL_DIG,N,
1535,NE,P_OKPCH,2027,2026,PR_REG_0,OptiMed,PRAXIS,N,
1535,NE,P_OKPCH,2027,2026,PR_REG_0,PrimaCare,PRAXIS,N,
1535,NE,P_OKPCH,2027,2026,PR_REG_0,PrimaFlex,FLEX,N,
1535,NE,P_OKPCH,2027,2026,PR_REG_0,SanaTel,TEL_DIG,N,
1535,NW,P_OKPCH,2027,2026,PR_REG_0,OptiMed,PRAXIS,N,
1535,NW,P_OKPCH,2027,2026,PR_REG_0,PrimaCare,PRAXIS,N,
1535,NW,P_OKPCH,2027,2026,PR_REG_0,PrimaFlex,FLEX,N,
1535,NW,P_OKPCH,2027,2026,PR_REG_0,SanaTel,TEL_DIG,N,
1535,OW,P_OKPCH,2027,2026,PR_REG_0,PrimaCare,PRAXIS,N,
1535,OW,P_OKPCH,2027,2026,PR_REG_0,PrimaFlex,FLEX,N,
1535,OW,P_OKPCH,2027,2026,PR_REG_0,SanaTel,TEL_DIG,N,
1535,SG,P_OKPCH,2027,2026,PR_REG_1,OptiMed,PRAXIS,N,
1535,SG,P_OKPCH,2027,2026,PR_REG_1,PrimaCare,PRAXIS,N,
1535,SG,P_OKPCH,2027,2026,PR_REG_1,PrimaFlex,FLEX,N,
1535,SG,P_OKPCH,2027,2026,PR_REG_1,SanaTel,TEL_DIG,N,
1535,SG,P_OKPCH,2027,2026,PR_REG_2,OptiMed,PRAXIS,N,
1535,SG,P_OKPCH,2027,2026,PR_REG_2,PrimaCare,PRAXIS,N,
1535,SG,P_OKPCH,2027,2026,PR_REG_2,PrimaFlex,FLEX,N,
1535,SG,P_OKPCH,2027,2026,PR_REG_2,SanaTel,TEL_DIG,N,
1535,SG,P_OKPCH,2027,2026,PR_REG_3,OptiMed,PRAXIS,N,
1535,SG,P_OKPCH,2027,2026,PR_REG_3,PrimaCare,PRAXIS,N,
1535,SG,P_OKPCH,2027,2026,PR_REG_3,PrimaFlex,FLEX,N,
1535,SG,P_OKPCH,2027,2026,PR_REG_3,SanaTel,TEL_DIG,N,
1535,SH,P_OKPCH,2027,2026,PR_REG_1,OptiMed,PRAXIS,N,
1535,SH,P_OKPCH,2027,2026,PR_REG_1,PrimaCare,PRAXIS,N,
1535,SH,P_OKPCH,2027,2026,PR_REG_1,PrimaFlex,FLEX,N,
1535,SH,P_OKPCH,2027,2026,PR_REG_1,SanaTel,TEL_DIG,N,
1535,SH,P_OKPCH,2027,2026,PR_REG_2,OptiMed,PRAXIS,N,
1535,SH,P_OKPCH,2027,2026,PR_REG_2,PrimaCare,PRAXIS,N,
1535,SH,P_OKPCH,2027,2026,PR_REG_2,PrimaFlex,FLEX,N,
1535,SH,P_OKPCH,2027,2026,PR_REG_2,SanaTel,TEL_DIG,N,
1535,SO,P_OKPCH,2027,2026,PR_REG_0,OptiMed,PRAXIS,N,
1535,SO,P_OKPCH,2027,2026,PR_REG_0,PrimaCare,PRAXIS,N,
1535,SO,P_OKPCH,2027,2026,PR_REG_0,PrimaFlex,FLEX,N,
1535,SO,P_OKPCH,2027,2026,PR_REG_0,SanaTel,TEL_DIG,N,
1535,SZ,P_OKPCH,2027,2026,PR_REG_0,OptiMed,PRAXIS,N,
1535,SZ,P_OKPCH,2027,2026,PR_REG_0,PrimaCare,PRAXIS,N,
1535,SZ,P_OKPCH,2027,2026,PR_REG_0,PrimaFlex,FLEX,N,
1535,SZ,P_OKPCH,2027,2026,PR_REG_0,SanaTel,TEL_DIG,N,
1535,TG,P_OKPCH,2027,2026,PR_REG_0,OptiMed,PRAXIS,N,
1535,TG,P_OKPCH,2027,2026,PR_REG_0,PrimaCare,PRAXIS,N,
1535,TG,P_OKPCH,2027,2026,PR_REG_0,PrimaFlex,FLEX,N,
1535,TG,P_OKPCH,2027,2026,PR_REG_0,SanaTel,TEL_DIG,N,
1535,TI,P_OKPCH,2027,2026,PR_REG_1,PrimaCare,PRAXIS,N,
1535,TI,P_OKPCH,2027,2026,PR_REG_1,PrimaFlex,FLEX,N,
1535,TI,P_OKPCH,2027,2026,PR_REG_1,SanaTel,TEL_DIG,N,
1535,TI,P_OKPCH,2027,2026,PR_REG_2,PrimaCare,PRAXIS,N,
1535,TI,P_OKPCH,2027,2026,PR_REG_2,PrimaFlex,FLEX,N,
1535,TI,P_OKPCH,2027,2026,PR_REG_2,SanaTel,TEL_DIG,N,
1535,UR,P_OKPCH,2027,2026,PR_REG_0,OptiMed,PRAXIS,N,
1535,UR,P_OKPCH,2027,2026,PR_REG_0,PrimaCare,PRAXIS,N,
1535,UR,P_OKPCH,2027,2026,PR_REG_0,PrimaFlex,FLEX,N,
1535,UR,P_OKPCH,2027,2026,PR_REG_0,SanaTel,TEL_DIG,N,
1535,VD,P_OKPCH,2027,2026,PR_REG_1,OptiMed,PRAXIS,N,
1535,VD,P_OKPCH,2027,2026,PR_REG_1,PrimaCare,PRAXIS,N,
1535,VD,P_OKPCH,2027,2026,PR_REG_1,PrimaFlex,FLEX,N,
1535,VD,P_OKPCH,2027,2026,PR_REG_1,SanaTel,TEL_DIG,N,
1535,VD,P_OKPCH,2027,2026,PR_REG_2,OptiMed,PRAXIS,N,
1535,VD,P_OKPCH,2027,2026,PR_REG_2,PrimaCare,PRAXIS,N,
1535,VD,P_OKPCH,2027,2026,PR_REG_2,PrimaFlex,FLEX,N,
1535,VD,P_OKPCH,2027,2026,PR_REG_2,SanaTel,TEL_DIG,N,
1535,VS,P_OKPCH,2027,2026,PR_REG_1,OptiMed,PRAXIS,N,
1535,VS,P_OKPCH,2027,2026,PR_REG_1,PrimaCare,PRAXIS,N,
1535,VS,P_OKPCH,2027,2026,PR_REG_1,PrimaFlex,FLEX,N,
1535,VS,P_OKPCH,2027,2026,PR_REG_1,SanaTel,TEL_DIG,N,
1535,VS,P_OKPCH,2027,2026,PR_REG_2,OptiMed,PRAXIS,N,
1535,VS,P_OKPCH,2027,2026,PR_REG_2,PrimaCare,PRAXIS,N,
1535,VS,P_OKPCH,2027,2026,PR_REG_2,PrimaFlex,FLEX,N,
1535,VS,P_OKPCH,2027,2026,PR_REG_2,SanaTel,TEL_DIG,N,
1535,ZG,P_OKPCH,2027,2026,PR_REG_0,OptiMed,PRAXIS,N,
1535,ZG,P_OKPCH,2027,2026,PR_REG_0,PrimaCare,PRAXIS,N,
1535,ZG,P_OKPCH,2027,2026,PR_REG_0,PrimaFlex,FLEX,N,
1535,ZG,P_OKPCH,2027,2026,PR_REG_0,SanaTel,TEL_DIG,N,
1535,ZH,P_OKPCH,2027,2026,PR_REG_1,OptiMed,PRAXIS,N,
1535,ZH,P_OKPCH,2027,2026,PR_REG_1,PrimaCare,PRAXIS,N,
1535,ZH,P_OKPCH,2027,2026,PR_REG_1,PrimaFlex,FLEX,N,
1535,ZH,P_OKPCH,2027,2026,PR_REG_1,SanaTel,TEL_DIG,N,
1535,ZH,P_OKPCH,2027,2026,PR_REG_2,OptiMed,PRAXIS,N,
1535,ZH,P_OKPCH,2027,2026,PR_REG_2,PrimaCare,PRAXIS,N,
1535,ZH,P_OKPCH,2027,2026,PR_REG_2,PrimaFlex,FLEX,N,
1535,ZH,P_OKPCH,2027,2026,PR_REG_2,SanaTel,TEL_DIG,N,
1535,ZH,P_OKPCH,2027,2026,PR_REG_3,OptiMed,PRAXIS,N,
1535,ZH,P_OKPCH,2027,2026,PR_REG_3,PrimaCare,PRAXIS,N,
1535,ZH,P_OKPCH,2027,2026,PR_REG_3,PrimaFlex,FLEX,N,
1535,ZH,P_OKPCH,2027,2026,PR_REG_3,SanaTel,TEL_DIG,N,
1542,AG,P_OKPCH,2027,2026,PR_REG_0,FV,FLEX,N,
1542,AG,P_OKPCH,2027,2026,PR_REG_0,HS,FLEX,N,
1542,AG,P_OKPCH,2027,2026,PR_REG_0,MF,PRAXIS,N,
1542,AG,P_OKPCH,2027,2026,PR_REG_0,MediTel,TEL_DIG,N,
1542,AG,P_OKPCH,2027,2026,PR_REG_0,PRV,FLEX,N,
1542,AG,P_OKPCH,2027,2026,PR_REG_0,QM,FLEX,N,
1542,AG,P_OKPCH,2027,2026,PR_REG_0,RPH,PRAXIS,N,
1542,AI,P_OKPCH,2027,2026,PR_REG_0,FV,FLEX,N,
1542,AI,P_OKPCH,2027,2026,PR_REG_0,MF,PRAXIS,N,
1542,AI,P_OKPCH,2027,2026,PR_REG_0,MediTel,TEL_DIG,N,
1542,AI,P_OKPCH,2027,2026,PR_REG_0,PRV,FLEX,N,
1542,AI,P_OKPCH,2027,2026,PR_REG_0,QM,FLEX,N,
1542,AR,P_OKPCH,2027,2026,PR_REG_0,FV,FLEX,N,
1542,AR,P_OKPCH,2027,2026,PR_REG_0,MF,PRAXIS,N,
1542,AR,P_OKPCH,2027,2026,PR_REG_0,MediTel,TEL_DIG,N,
1542,AR,P_OKPCH,2027,2026,PR_REG_0,PRV,FLEX,N,
1542,AR,P_OKPCH,2027,2026,PR_REG_0,QM,FLEX,N,
1542,BE,P_OKPCH,2027,2026,PR_REG_1,FV,FLEX,N,
1542,BE,P_OKPCH,2027,2026,PR_REG_1,MF,PRAXIS,N,
1542,BE,P_OKPCH,2027,2026,PR_REG_1,MediTel,TEL_DIG,N,
1542,BE,P_OKPCH,2027,2026,PR_REG_1,PRV,FLEX,N,
1542,BE,P_OKPCH,2027,2026,PR_REG_1,QM,FLEX,N,
1542,BE,P_OKPCH,2027,2026,PR_REG_1,RPH,PRAXIS,N,
1542,BE,P_OKPCH,2027,2026,PR_REG_2,FV,FLEX,N,
1542,BE,P_OKPCH,2027,2026,PR_REG_2,MF,PRAXIS,N,
1542,BE,P_OKPCH,2027,2026,PR_REG_2,MediTel,TEL_DIG,N,
1542,BE,P_OKPCH,2027,2026,PR_REG_2,PRV,FLEX,N,
1542,BE,P_OKPCH,2027,2026,PR_REG_2,QM,FLEX,N,
1542,BE,P_OKPCH,2027,2026,PR_REG_2,RPH,PRAXIS,N,
1542,BE,P_OKPCH,2027,2026,PR_REG_3,FV,FLEX,N,
1542,BE,P_OKPCH,2027,2026,PR_REG_3,MF,PRAXIS,N,
1542,BE,P_OKPCH,2027,2026,PR_REG_3,MediTel,TEL_DIG,N,
1542,BE,P_OKPCH,2027,2026,PR_REG_3,PRV,FLEX,N,
1542,BE,P_OKPCH,2027,2026,PR_REG_3,QM,FLEX,N,
1542,BE,P_OKPCH,2027,2026,PR_REG_3,RPH,PRAXIS,N,
1542,BL,P_OKPCH,2027,2026,PR_REG_1,FV,FLEX,N,
1542,BL,P_OKPCH,2027,2026,PR_REG_1,HS,FLEX,N,
1542,BL,P_OKPCH,2027,2026,PR_REG_1,MF,PRAXIS,N,
1542,BL,P_OKPCH,2027,2026,PR_REG_1,MediTel,TEL_DIG,N,
1542,BL,P_OKPCH,2027,2026,PR_REG_1,PRV,FLEX,N,
1542,BL,P_OKPCH,2027,2026,PR_REG_1,QM,FLEX,N,
1542,BL,P_OKPCH,2027,2026,PR_REG_1,RPH,PRAXIS,N,
1542,BL,P_OKPCH,2027,2026,PR_REG_2,FV,FLEX,N,
1542,BL,P_OKPCH,2027,2026,PR_REG_2,HS,FLEX,N,
1542,BL,P_OKPCH,2027,2026,PR_REG_2,MF,PRAXIS,N,
1542,BL,P_OKPCH,2027,2026,PR_REG_2,MediTel,TEL_DIG,N,
1542,BL,P_OKPCH,2027,2026,PR_REG_2,PRV,FLEX,N,
1542,BL,P_OKPCH,2027,2026,PR_REG_2,QM,FLEX,N,
1542,BL,P_OKPCH,2027,2026,PR_REG_2,RPH,PRAXIS,N,
1542,BS,P_OKPCH,2027,2026,PR_REG_0,FV,FLEX,N,
1542,BS,P_OKPCH,2027,2026,PR_REG_0,HS,FLEX,N,
1542,BS,P_OKPCH,2027,2026,PR_REG_0,MF,PRAXIS,N,
1542,BS,P_OKPCH,2027,2026,PR_REG_0,MediTel,TEL_DIG,N,
1542,BS,P_OKPCH,2027,2026,PR_REG_0,PRV,FLEX,N,
1542,BS,P_OKPCH,2027,2026,PR_REG_0,QM,FLEX,N,
1542,BS,P_OKPCH,2027,2026,PR_REG_0,RPH,PRAXIS,N,
1542,FR,P_OKPCH,2027,2026,PR_REG_1,FV,FLEX,N,
1542,FR,P_OKPCH,2027,2026,PR_REG_1,HS,FLEX,N,
1542,FR,P_OKPCH,2027,2026,PR_REG_1,MF,PRAXIS,N,
1542,FR,P_OKPCH,2027,2026,PR_REG_1,MediTel,TEL_DIG,N,
1542,FR,P_OKPCH,2027,2026,PR_REG_1,PRV,FLEX,N,
1542,FR,P_OKPCH,2027,2026,PR_REG_1,QM,FLEX,N,
1542,FR,P_OKPCH,2027,2026,PR_REG_1,RPH,PRAXIS,N,
1542,FR,P_OKPCH,2027,2026,PR_REG_1,RS,PRAXIS,N,
1542,FR,P_OKPCH,2027,2026,PR_REG_2,FV,FLEX,N,
1542,FR,P_OKPCH,2027,2026,PR_REG_2,HS,FLEX,N,
1542,FR,P_OKPCH,2027,2026,PR_REG_2,MF,PRAXIS,N,
1542,FR,P_OKPCH,2027,2026,PR_REG_2,MediTel,TEL_DIG,N,
1542,FR,P_OKPCH,2027,2026,PR_REG_2,PRV,FLEX,N,
1542,FR,P_OKPCH,2027,2026,PR_REG_2,QM,FLEX,N,
1542,FR,P_OKPCH,2027,2026,PR_REG_2,RPH,PRAXIS,N,
1542,FR,P_OKPCH,2027,2026,PR_REG_2,RS,PRAXIS,N,
1542,GE,P_OKPCH,2027,2026,PR_REG_0,FV,FLEX,N,
1542,GE,P_OKPCH,2027,2026,PR_REG_0,HS,FLEX,N,
1542,GE,P_OKPCH,2027,2026,PR_REG_0,MF,PRAXIS,N,
1542,GE,P_OKPCH,2027,2026,PR_REG_0,MediTel,TEL_DIG,N,
1542,GE,P_OKPCH,2027,2026,PR_REG_0,PRV,FLEX,N,
1542,GE,P_OKPCH,2027,2026,PR_REG_0,QM,FLEX,N,
1542,GE,P_OKPCH,2027,2026,PR_REG_0,RPH,PRAXIS,N,
1542,GE,P_OKPCH,2027,2026,PR_REG_0,RS,PRAXIS,N,
1542,GL,P_OKPCH,2027,2026,PR_REG_0,FV,FLEX,N,
1542,GL,P_OKPCH,2027,2026,PR_REG_0,MF,PRAXIS,N,
1542,GL,P_OKPCH,2027,2026,PR_REG_0,MediTel,TEL_DIG,N,
1542,GL,P_OKPCH,2027,2026,PR_REG_0,PRV,FLEX,N,
1542,GL,P_OKPCH,2027,2026,PR_REG_0,QM,FLEX,N,
1542,GL,P_OKPCH,2027,2026,PR_REG_0,RPH,PRAXIS,N,
1542,GR,P_OKPCH,2027,2026,PR_REG_1,FV,FLEX,N,
1542,GR,P_OKPCH,2027,2026,PR_REG_1,MF,PRAXIS,N,
1542,GR,P_OKPCH,2027,2026,PR_REG_1,MediTel,TEL_DIG,N,
1542,GR,P_OKPCH,2027,2026,PR_REG_1,PRV,FLEX,N,
1542,GR,P_OKPCH,2027,2026,PR_REG_1,QM,FLEX,N,
1542,GR,P_OKPCH,2027,2026,PR_REG_1,RPH,PRAXIS,N,
1542,GR,P_OKPCH,2027,2026,PR_REG_2,FV,FLEX,N,
1542,GR,P_OKPCH,2027,2026,PR_REG_2,MF,PRAXIS,N,
1542,GR,P_OKPCH,2027,2026,PR_REG_2,MediTel,TEL_DIG,N,
1542,GR,P_OKPCH,2027,2026,PR_REG_2,PRV,FLEX,N,
1542,GR,P_OKPCH,2027,2026,PR_REG_2,QM,FLEX,N,
1542,GR,P_OKPCH,2027,2026,PR_REG_2,RPH,PRAXIS,N,
1542,GR,P_OKPCH,2027,2026,PR_REG_3,FV,FLEX,N,
1542,GR,P_OKPCH,2027,2026,PR_REG_3,MF,PRAXIS,N,
1542,GR,P_OKPCH,2027,2026,PR_REG_3,MediTel,TEL_DIG,N,
1542,GR,P_OKPCH,2027,2026,PR_REG_3,PRV,FLEX,N,
1542,GR,P_OKPCH,2027,2026,PR_REG_3,QM,FLEX,N,
1542,GR,P_OKPCH,2027,2026,PR_REG_3,RPH,PRAXIS,N,
1542,JU,P_OKPCH,2027,2026,PR_REG_0,FV,FLEX,N,
1542,JU,P_OKPCH,2027,2026,PR_REG_0,MF,PRAXIS,N,
1542,JU,P_OKPCH,2027,2026,PR_REG_0,MediTel,TEL_DIG,N,
1542,JU,P_OKPCH,2027,2026,PR_REG_0,PRV,FLEX,N,
1542,JU,P_OKPCH,2027,2026,PR_REG_0,QM,FLEX,N,
1542,JU,P_OKPCH,2027,2026,PR_REG_0,RPH,PRAXIS,N,
1542,JU,P_OKPCH,2027,2026,PR_REG_0,RS,PRAXIS,N,
1542,LU,P_OKPCH,2027,2026,PR_REG_1,FV,FLEX,N,
1542,LU,P_OKPCH,2027,2026,PR_REG_1,MF,PRAXIS,N,
1542,LU,P_OKPCH,2027,2026,PR_REG_1,MediTel,TEL_DIG,N,
1542,LU,P_OKPCH,2027,2026,PR_REG_1,PRV,FLEX,N,
1542,LU,P_OKPCH,2027,2026,PR_REG_1,QM,FLEX,N,
1542,LU,P_OKPCH,2027,2026,PR_REG_1,RPH,PRAXIS,N,
1542,LU,P_OKPCH,2027,2026,PR_REG_2,FV,FLEX,N,
1542,LU,P_OKPCH,2027,2026,PR_REG_2,MF,PRAXIS,N,
1542,LU,P_OKPCH,2027,2026,PR_REG_2,MediTel,TEL_DIG,N,
1542,LU,P_OKPCH,2027,2026,PR_REG_2,PRV,FLEX,N,
1542,LU,P_OKPCH,2027,2026,PR_REG_2,QM,FLEX,N,
1542,LU,P_OKPCH,2027,2026,PR_REG_2,RPH,PRAXIS,N,
1542,LU,P_OKPCH,2027,2026,PR_REG_3,FV,FLEX,N,
1542,LU,P_OKPCH,2027,2026,PR_REG_3,MF,PRAXIS,N,
1542,LU,P_OKPCH,2027,2026,PR_REG_3,MediTel,TEL_DIG,N,
1542,LU,P_OKPCH,2027,2026,PR_REG_3,PRV,FLEX,N,
1542,LU,P_OKPCH,2027,2026,PR_REG_3,QM,FLEX,N,
1542,LU,P_OKPCH,2027,2026,PR_REG_3,RPH,PRAXIS,N,
1542,NE,P_OKPCH,2027,2026,PR_REG_0,FV,FLEX,N,
1542,NE,P_OKPCH,2027,2026,PR_REG_0,HS,FLEX,N,
1542,NE,P_OKPCH,2027,2026,PR_REG_0,MF,PRAXIS,N,
1542,NE,P_OKPCH,2027,2026,PR_REG_0,MediTel,TEL_DIG,N,
1542,NE,P_OKPCH,2027,2026,PR_REG_0,PRV,FLEX,N,
1542,NE,P_OKPCH,2027,2026,PR_REG_0,QM,FLEX,N,
1542,NE,P_OKPCH,2027,2026,PR_REG_0,RPH,PRAXIS,N,
1542,NW,P_OKPCH,2027,2026,PR_REG_0,FV,FLEX,N,
1542,NW,P_OKPCH,2027,2026,PR_REG_0,MF,PRAXIS,N,
1542,NW,P_OKPCH,2027,2026,PR_REG_0,MediTel,TEL_DIG,N,
1542,NW,P_OKPCH,2027,2026,PR_REG_0,PRV,FLEX,N,
1542,NW,P_OKPCH,2027,2026,PR_REG_0,QM,FLEX,N,
1542,OW,P_OKPCH,2027,2026,PR_REG_0,FV,FLEX,N,
1542,OW,P_OKPCH,2027,2026,PR_REG_0,MF,PRAXIS,N,
1542,OW,P_OKPCH,2027,2026,PR_REG_0,MediTel,TEL_DIG,N,
1542,OW,P_OKPCH,2027,2026,PR_REG_0,PRV,FLEX,N,
1542,OW,P_OKPCH,2027,2026,PR_REG_0,QM,FLEX,N,
1542,SG,P_OKPCH,2027,2026,PR_REG_1,FV,FLEX,N,
1542,SG,P_OKPCH,2027,2026,PR_REG_1,MF,PRAXIS,N,
1542,SG,P_OKPCH,2027,2026,PR_REG_1,MediTel,TEL_DIG,N,
1542,SG,P_OKPCH,2027,2026,PR_REG_1,PRV,FLEX,N,
1542,SG,P_OKPCH,2027,2026,PR_REG_1,QM,FLEX,N,
1542,SG,P_OKPCH,2027,2026,PR_REG_1,RPH,PRAXIS,N,
1542,SG,P_OKPCH,2027,2026,PR_REG_2,FV,FLEX,N,
1542,SG,P_OKPCH,2027,2026,PR_REG_2,MF,PRAXIS,N,
1542,SG,P_OKPCH,2027,2026,PR_REG_2,MediTel,TEL_DIG,N,
1542,SG,P_OKPCH,2027,2026,PR_REG_2,PRV,FLEX,N,
1542,SG,P_OKPCH,2027,2026,PR_REG_2,QM,FLEX,N,
1542,SG,P_OKPCH,2027,2026,PR_REG_2,RPH,PRAXIS,N,
1542,SG,P_OKPCH,2027,2026,PR_REG_3,FV,FLEX,N,
1542,SG,P_OKPCH,2027,2026,PR_REG_3,MF,PRAXIS,N,
1542,SG,P_OKPCH,2027,2026,PR_REG_3,MediTel,TEL_DIG,N,
1542,SG,P_OKPCH,2027,2026,PR_REG_3,PRV,FLEX,N,
1542,SG,P_OKPCH,2027,2026,PR_REG_3,QM,FLEX,N,
1542,SG,P_OKPCH,2027,2026,PR_REG_3,RPH,PRAXIS,N,
1542,SH,P_OKPCH,2027,2026,PR_REG_1,FV,FLEX,N,
1542,SH,P_OKPCH,2027,2026,PR_REG_1,MF,PRAXIS,N,
1542,SH,P_OKPCH,2027,2026,PR_REG_1,MediTel,TEL_DIG,N,
1542,SH,P_OKPCH,2027,2026,PR_REG_1,PRV,FLEX,N,
1542,SH,P_OKPCH,2027,2026,PR_REG_1,QM,FLEX,N,
1542,SH,P_OKPCH,2027,2026,PR_REG_1,RPH,PRAXIS,N,
1542,SH,P_OKPCH,2027,2026,PR_REG_2,FV,FLEX,N,
1542,SH,P_OKPCH,2027,2026,PR_REG_2,MF,PRAXIS,N,
1542,SH,P_OKPCH,2027,2026,PR_REG_2,MediTel,TEL_DIG,N,
1542,SH,P_OKPCH,2027,2026,PR_REG_2,PRV,FLEX,N,
1542,SH,P_OKPCH,2027,2026,PR_REG_2,QM,FLEX,N,
1542,SH,P_OKPCH,2027,2026,PR_REG_2,RPH,PRAXIS,N,
1542,SO,P_OKPCH,2027,2026,PR_REG_0,FV,FLEX,N,
1542,SO,P_OKPCH,2027,2026,PR_REG_0,HS,FLEX,N,
1542,SO,P_OKPCH,2027,2026,PR_REG_0,MF,PRAXIS,N,
1542,SO,P_OKPCH,2027,2026,PR_REG_0,MediTel,TEL_DIG,N,
1542,SO,P_OKPCH,2027,2026,PR_REG_0,PRV,FLEX,N,
1542,SO,P_OKPCH,2027,2026,PR_REG_0,QM,FLEX,N,
1542,SO,P_OKPCH,2027,2026,PR_REG_0,RPH,PRAXIS,N,
1542,SZ,P_OKPCH,2027,2026,PR_REG_0,FV,FLEX,N,
1542,SZ,P_OKPCH,2027,2026,PR_REG_0,MF,PRAXIS,N,
1542,SZ,P_OKPCH,2027,2026,PR_REG_0,MediTel,TEL_DIG,N,
1542,SZ,P_OKPCH,2027,2026,PR_REG_0,PRV,FLEX,N,
1542,SZ,P_OKPCH,2027,2026,PR_REG_0,QM,FLEX,N,
1542,SZ,P_OKPCH,2027,2026,PR_REG_0,RPH,PRAXIS,N,
1542,TG,P_OKPCH,2027,2026,PR_REG_0,FV,FLEX,N,
1542,TG,P_OKPCH,2027,2026,PR_REG_0,MF,PRAXIS,N,
1542,TG,P_OKPCH,2027,2026,PR_REG_0,MediTel,TEL_DIG,N,
1542,TG,P_OKPCH,2027,2026,PR_REG_0,PRV,FLEX,N,
1542,TG,P_OKPCH,2027,2026,PR_REG_0,QM,FLEX,N,
1542,TG,P_OKPCH,2027,2026,PR_REG_0,RPH,PRAXIS,N,
1542,TI,P_OKPCH,2027,2026,PR_REG_1,FV,FLEX,N,
1542,TI,P_OKPCH,2027,2026,PR_REG_1,MF,PRAXIS,N,
1542,TI,P_OKPCH,2027,2026,PR_REG_1,MediTel,TEL_DIG,N,
1542,TI,P_OKPCH,2027,2026,PR_REG_1,PRV,FLEX,N,
1542,TI,P_OKPCH,2027,2026,PR_REG_1,QM,FLEX,N,
1542,TI,P_OKPCH,2027,2026,PR_REG_1,RPH,PRAXIS,N,
1542,TI,P_OKPCH,2027,2026,PR_REG_2,FV,FLEX,N,
1542,TI,P_OKPCH,2027,2026,PR_REG_2,MF,PRAXIS,N,
1542,TI,P_OKPCH,2027,2026,PR_REG_2,MediTel,TEL_DIG,N,
1542,TI,P_OKPCH,2027,2026,PR_REG_2,PRV,FLEX,N,
1542,TI,P_OKPCH,2027,2026,PR_REG_2,QM,FLEX,N,
1542,TI,P_OKPCH,2027,2026,PR_REG_2,RPH,PRAXIS,N,
1542,UR,P_OKPCH,2027,2026,PR_REG_0,FV,FLEX,N,
1542,UR,P_OKPCH,2027,2026,PR_REG_0,MF,PRAXIS,N,
1542,UR,P_OKPCH,2027,2026,PR_REG_0,MediTel,TEL_DIG,N,
1542,UR,P_OKPCH,2027,2026,PR_REG_0,PRV,FLEX,N,
1542,UR,P_OKPCH,2027,2026,PR_REG_0,QM,FLEX,N,
1542,UR,P_OKPCH,2027,2026,PR_REG_0,RPH,PRAXIS,N,
1542,VD,P_OKPCH,2027,2026,PR_REG_1,FV,FLEX,N,
1542,VD,P_OKPCH,2027,2026,PR_REG_1,HS,FLEX,N,
1542,VD,P_OKPCH,2027,2026,PR_REG_1,MF,PRAXIS,N,
1542,VD,P_OKPCH,2027,2026,PR_REG_1,MediTel,TEL_DIG,N,
1542,VD,P_OKPCH,2027,2026,PR_REG_1,PRV,FLEX,N,
1542,VD,P_OKPCH,2027,2026,PR_REG_1,QM,FLEX,N,
1542,VD,P_OKPCH,2027,2026,PR_REG_1,RPH,PRAXIS,N,
1542,VD,P_OKPCH,2027,2026,PR_REG_1,RS,PRAXIS,N,
1542,VD,P_OKPCH,2027,2026,PR_REG_2,FV,FLEX,N,
1542,VD,P_OKPCH,2027,2026,PR_REG_2,HS,FLEX,N,
1542,VD,P_OKPCH,2027,2026,PR_REG_2,MF,PRAXIS,N,
1542,VD,P_OKPCH,2027,2026,PR_REG_2,MediTel,TEL_DIG,N,
1542,VD,P_OKPCH,2027,2026,PR_REG_2,PRV,FLEX,N,
1542,VD,P_OKPCH,2027,2026,PR_REG_2,QM,FLEX,N,
1542,VD,P_OKPCH,2027,2026,PR_REG_2,RPH,PRAXIS,N,
1542,VD,P_OKPCH,2027,2026,PR_REG_2,RS,PRAXIS,N,
1542,VS,P_OKPCH,2027,2026,PR_REG_1,FV,FLEX,N,
1542,VS,P_OKPCH,2027,2026,PR_REG_1,MF,PRAXIS,N,
1542,VS,P_OKPCH,2027,2026,PR_REG_1,MediTel,TEL_DIG,N,
1542,VS,P_OKPCH,2027,2026,PR_REG_1,PRV,FLEX,N,
1542,VS,P_OKPCH,2027,2026,PR_REG_1,QM,FLEX,N,
1542,VS,P_OKPCH,2027,2026,PR_REG_1,RPH,PRAXIS,N,
1542,VS,P_OKPCH,2027,2026,PR_REG_1,RS,PRAXIS,N,
1542,VS,P_OKPCH,2027,2026,PR_REG_2,FV,FLEX,N,
1542,VS,P_OKPCH,2027,2026,PR_REG_2,MF,PRAXIS,N,
1542,VS,P_OKPCH,2027,2026,PR_REG_2,MediTel,TEL_DIG,N,
1542,VS,P_OKPCH,2027,2026,PR_REG_2,PRV,FLEX,N,
1542,VS,P_OKPCH,2027,2026,PR_REG_2,QM,FLEX,N,
1542,VS,P_OKPCH,2027,2026,PR_REG_2,RPH,PRAXIS,N,
1542,VS,P_OKPCH,2027,2026,PR_REG_2,RS,PRAXIS,N,
1542,ZG,P_OKPCH,2027,2026,PR_REG_0,FV,FLEX,N,
1542,ZG,P_OKPCH,2027,2026,PR_REG_0,MF,PRAXIS,N,
1542,ZG,P_OKPCH,2027,2026,PR_REG_0,MediTel,TEL_DIG,N,
1542,ZG,P_OKPCH,2027,2026,PR_REG_0,PRV,FLEX,N,
1542,ZG,P_OKPCH,2027,2026,PR_REG_0,QM,FLEX,N,
1542,ZG,P_OKPCH,2027,2026,PR_REG_0,RPH,PRAXIS,N,
1542,ZH,P_OKPCH,2027,2026,PR_REG_1,FV,FLEX,N,
1542,ZH,P_OKPCH,2027,2026,PR_REG_1,MF,PRAXIS,N,
1542,ZH,P_OKPCH,2027,2026,PR_REG_1,MediTel,TEL_DIG,N,
1542,ZH,P_OKPCH,2027,2026,PR_REG_1,PRV,FLEX,N,
1542,ZH,P_OKPCH,2027,2026,PR_REG_1,QM,FLEX,N,
1542,ZH,P_OKPCH,2027,2026,PR_REG_1,RPH,PRAXIS,N,
1542,ZH,P_OKPCH,2027,2026,PR_REG_2,FV,FLEX,N,
1542,ZH,P_OKPCH,2027,2026,PR_REG_2,MF,PRAXIS,N,
1542,ZH,P_OKPCH,2027,2026,PR_REG_2,MediTel,TEL_DIG,N,
1542,ZH,P_OKPCH,2027,2026,PR_REG_2,PRV,FLEX,N,
1542,ZH,P_OKPCH,2027,2026,PR_REG_2,QM,FLEX,N,
1542,ZH,P_OKPCH,2027,2026,PR_REG_2,RPH,PRAXIS,N,
1542,ZH,P_OKPCH,2027,2026,PR_REG_3,FV,FLEX,N,
1542,ZH,P_OKPCH,2027,2026,PR_REG_3,MF,PRAXIS,N,
1542,ZH,P_OKPCH,2027,2026,PR_REG_3,MediTel,TEL_DIG,N,
1542,ZH,P_OKPCH,2027,2026,PR_REG_3,PRV,FLEX,N,
1542,ZH,P_OKPCH,2027,2026,PR_REG_3,QM,FLEX,N,
1542,ZH,P_OKPCH,2027,2026,PR_REG_3,RPH,PRAXIS,N,
1555,AG,P_OKPCH,2027,2026,PR_REG_0,COC,FLEX,N,
1555,AG,P_OKPCH,2027,2026,PR_REG_0,MCA,TEL_DIG,N,
1555,AG,P_OKPCH,2027,2026,PR_REG_0,MCMIT,PRAXIS,N,
1555,AG,P_OKPCH,2027,2026,PR_REG_0,MD,PRAXIS,N,
1555,AG,P_OKPCH,2027,2026,PR_REG_0,TCA,TEL_DIG,N,
1555,AG,P_OKPCH,2027,2026,PR_REG_0,TDO,TEL_DIG,N,
1555,AI,P_OKPCH,2027,2026,PR_REG_0,COC,FLEX,N,
1555,AI,P_OKPCH,2027,2026,PR_REG_0,MCA,TEL_DIG,N,
1555,AI,P_OKPCH,2027,2026,PR_REG_0,MCMIT,PRAXIS,N,
1555,AI,P_OKPCH,2027,2026,PR_REG_0,MD,PRAXIS,N,
1555,AI,P_OKPCH,2027,2026,PR_REG_0,TCA,TEL_DIG,N,
1555,AI,P_OKPCH,2027,2026,PR_REG_0,TDO,TEL_DIG,N,
1555,AR,P_OKPCH,2027,2026,PR_REG_0,COC,FLEX,N,
1555,AR,P_OKPCH,2027,2026,PR_REG_0,MCA,TEL_DIG,N,
1555,AR,P_OKPCH,2027,2026,PR_REG_0,MCMIT,PRAXIS,N,
1555,AR,P_OKPCH,2027,2026,PR_REG_0,MD,PRAXIS,N,
1555,AR,P_OKPCH,2027,2026,PR_REG_0,TCA,TEL_DIG,N,
1555,AR,P_OKPCH,2027,2026,PR_REG_0,TDO,TEL_DIG,N,
1555,BE,P_OKPCH,2027,2026,PR_REG_1,COC,FLEX,N,
1555,BE,P_OKPCH,2027,2026,PR_REG_1,HMO_PLUS,PRAXIS,Y,"351,352,353,354,355,356,358,359,360,361,362,363"
1555,BE,P_OKPCH,2027,2026,PR_REG_1,MCA,TEL_DIG,N,
1555,BE,P_OKPCH,2027,2026,PR_REG_1,MCMIT,PRAXIS,N,
1555,BE,P_OKPCH,2027,2026,PR_REG_1,MD,PRAXIS,N,
1555,BE,P_OKPCH,2027,2026,PR_REG_1,TCA,TEL_DIG,N,
1555,BE,P_OKPCH,2027,2026,PR_REG_1,TDO,TEL_DIG,N,
1555,BE,P_OKPCH,2027,2026,PR_REG_1,VIVA,PRAXIS,N,
1555,BE,P_OKPCH,2027,2026,PR_REG_2,COC,FLEX,N,
1555,BE,P_OKPCH,2027,2026,PR_REG_2,HMO_PLUS,PRAXIS,Y,"307,401,402,403,404,405,406,407,408,409,410,411,412,413,414,415,418,420,421,422,423,424,533,535,538,540,541,543,544,546,551,552,553,554,556,557,602,603,605,606,607,608,609,610,611,612,613,614,615,616,617,619,620,622,623,626,627,628,629,630,632,767,861,863,866,867,868,870,872,883,884,885,886,889,921,922,923,924,925,927,928,929,931,932,934,935,936,938,939,940,941,942,943,944,945,946,948"
1555,BE,P_OKPCH,2027,2026,PR_REG_2,MCA,TEL_DIG,N,
1555,BE,P_OKPCH,2027,2026,PR_REG_2,MCMIT,PRAXIS,N,
1555,BE,P_OKPCH,2027,2026,PR_REG_2,MD,PRAXIS,N,
1555,BE,P_OKPCH,2027,2026,PR_REG_2,TCA,TEL_DIG,N,
1555,BE,P_OKPCH,2027,2026,PR_REG_2,TDO,TEL_DIG,N,
1555,BE,P_OKPCH,2027,2026,PR_REG_2,VIVA,PRAXIS,Y,"307,387,390,392,403,431,432,433,434,435,437,438,441,442,443,444,445,446,448,449,450,535,543,544,546,551,553,602,603,608,612,613,616,623,626,627,630,662,663,665,666,667,668,670,671,681,683,687,690,691,692,694,696,701,703,704,706,707,708,709,711,713,715,716,717,723,724,726,731,732,733,739,740,742,743,744,745,746,747,748,750,756,861,870,888"
1555,BE,P_OKPCH,2027,2026,PR_REG_3,COC,FLEX,N,
1555,BE,P_OKPCH,2027,2026,PR_REG_3,HMO_PLUS,PRAXIS,N,
1555,BE,P_OKPCH,2027,2026,PR_REG_3,MCA,TEL_DIG,N,
1555,BE,P_OKPCH,2027,2026,PR_REG_3,MCMIT,PRAXIS,N,
1555,BE,P_OKPCH,2027,2026,PR_REG_3,MD,PRAXIS,N,
1555,BE,P_OKPCH,2027,2026,PR_REG_3,TCA,TEL_DIG,N,
1555,BE,P_OKPCH,2027,2026,PR_REG_3,TDO,TEL_DIG,N,
1555,BE,P_OKPCH,2027,2026,PR_REG_3,VIVA,PRAXIS,Y,"321,323,324,325,329,331,332,333,336,337,341,342,344,345,975,981,983,987,995"
1555,BL,P_OKPCH,2027,2026,PR_REG_1,COC,FLEX,N,
1555,BL,P_OKPCH,2027,2026,PR_REG_1,MCA,TEL_DIG,N,
1555,BL,P_OKPCH,2027,2026,PR_REG_1,MCMIT,PRAXIS,N,
1555,BL,P_OKPCH,2027,2026,PR_REG_1,MD,PRAXIS,N,
1555,BL,P_OKPCH,2027,2026,PR_REG_1,TCA,TEL_DIG,N,
1555,BL,P_OKPCH,2027,2026,PR_REG_1,TDO,TEL_DIG,N,
1555,BL,P_OKPCH,2027,2026,PR_REG_2,COC,FLEX,N,
1555,BL,P_OKPCH,2027,2026,PR_REG_2,MCA,TEL_DIG,N,
1555,BL,P_OKPCH,2027,2026,PR_REG_2,MCMIT,PRAXIS,N,
1555,BL,P_OKPCH,2027,2026,PR_REG_2,MD,PRAXIS,N,
1555,BL,P_OKPCH,2027,2026,PR_REG_2,TCA,TEL_DIG,N,
1555,BL,P_OKPCH,2027,2026,PR_REG_2,TDO,TEL_DIG,N,
1555,BS,P_OKPCH,2027,2026,PR_REG_0,COC,FLEX,N,
1555,BS,P_OKPCH,2027,2026,PR_REG_0,MCA,TEL_DIG,N,
1555,BS,P_OKPCH,2027,2026,PR_REG_0,MCMIT,PRAXIS,N,
1555,BS,P_OKPCH,2027,2026,PR_REG_0,MD,PRAXIS,N,
1555,BS,P_OKPCH,2027,2026,PR_REG_0,TCA,TEL_DIG,N,
1555,BS,P_OKPCH,2027,2026,PR_REG_0,TDO,TEL_DIG,N,
1555,FR,P_OKPCH,2027,2026,PR_REG_1,COC,FLEX,N,
1555,FR,P_OKPCH,2027,2026,PR_REG_1,MCA,TEL_DIG,N,
1555,FR,P_OKPCH,2027,2026,PR_REG_1,MCMIT,PRAXIS,N,
1555,FR,P_OKPCH,2027,2026,PR_REG_1,MD,PRAXIS,N,
1555,FR,P_OKPCH,2027,2026,PR_REG_1,TCA,TEL_DIG,N,
1555,FR,P_OKPCH,2027,2026,PR_REG_1,TDO,TEL_DIG,N,
1555,FR,P_OKPCH,2027,2026,PR_REG_2,COC,FLEX,N,
1555,FR,P_OKPCH,2027,2026,PR_REG_2,MCA,TEL_DIG,N,
1555,FR,P_OKPCH,2027,2026,PR_REG_2,MCMIT,PRAXIS,N,
1555,FR,P_OKPCH,2027,2026,PR_REG_2,MD,PRAXIS,N,
1555,FR,P_OKPCH,2027,2026,PR_REG_2,TCA,TEL_DIG,N,
1555,FR,P_OKPCH,2027,2026,PR_REG_2,TDO,TEL_DIG,N,
1555,GE,P_OKPCH,2027,2026,PR_REG_0,COC,FLEX,N,
1555,GE,P_OKPCH,2027,2026,PR_REG_0,MCA,TEL_DIG,N,
1555,GE,P_OKPCH,2027,2026,PR_REG_0,MCMIT,PRAXIS,N,
1555,GE,P_OKPCH,2027,2026,PR_REG_0,MD,PRAXIS,N,
1555,GE,P_OKPCH,2027,2026,PR_REG_0,TCA,TEL_DIG,N,
1555,GE,P_OKPCH,2027,2026,PR_REG_0,TDO,TEL_DIG,N,
1555,GL,P_OKPCH,2027,2026,PR_REG_0,COC,FLEX,N,
1555,GL,P_OKPCH,2027,2026,PR_REG_0,MCA,TEL_DIG,N,
1555,GL,P_OKPCH,2027,2026,PR_REG_0,MCMIT,PRAXIS,N,
1555,GL,P_OKPCH,2027,2026,PR_REG_0,MD,PRAXIS,N,
1555,GL,P_OKPCH,2027,2026,PR_REG_0,TCA,TEL_DIG,N,
1555,GL,P_OKPCH,2027,2026,PR_REG_0,TDO,TEL_DIG,N,
1555,GR,P_OKPCH,2027,2026,PR_REG_1,COC,FLEX,N,
1555,GR,P_OKPCH,2027,2026,PR_REG_1,MCA,TEL_DIG,N,
1555,GR,P_OKPCH,2027,2026,PR_REG_1,MCMIT,PRAXIS,N,
1555,GR,P_OKPCH,2027,2026,PR_REG_1,MD,PRAXIS,N,
1555,GR,P_OKPCH,2027,2026,PR_REG_1,TCA,TEL_DIG,N,
1555,GR,P_OKPCH,2027,2026,PR_REG_1,TDO,TEL_DIG,N,
1555,GR,P_OKPCH,2027,2026,PR_REG_2,COC,FLEX,N,
1555,GR,P_OKPCH,2027,2026,PR_REG_2,MCA,TEL_DIG,N,
1555,GR,P_OKPCH,2027,2026,PR_REG_2,MCMIT,PRAXIS,N,
1555,GR,P_OKPCH,2027,2026,PR_REG_2,MD,PRAXIS,N,
1555,GR,P_OKPCH,2027,2026,PR_REG_2,TCA,TEL_DIG,N,
1555,GR,P_OKPCH,2027,2026,PR_REG_2,TDO,TEL_DIG,N,
1555,GR,P_OKPCH,2027,2026,PR_REG_3,COC,FLEX,N,
1555,GR,P_OKPCH,2027,2026,PR_REG_3,MCA,TEL_DIG,N,
1555,GR,P_OKPCH,2027,2026,PR_REG_3,MCMIT,PRAXIS,N,
1555,GR,P_OKPCH,2027,2026,PR_REG_3,MD,PRAXIS,N,
1555,GR,P_OKPCH,2027,2026,PR_REG_3,TCA,TEL_DIG,N,
1555,GR,P_OKPCH,2027,2026,PR_REG_3,TDO,TEL_DIG,N,
1555,JU,P_OKPCH,2027,2026,PR_REG_0,COC,FLEX,N,
1555,JU,P_OKPCH,2027,2026,PR_REG_0,MCA,TEL_DIG,N,
1555,JU,P_OKPCH,2027,2026,PR_REG_0,MCMIT,PRAXIS,N,
1555,JU,P_OKPCH,2027,2026,PR_REG_0,MD,PRAXIS,N,
1555,JU,P_OKPCH,2027,2026,PR_REG_0,TCA,TEL_DIG,N,
1555,JU,P_OKPCH,2027,2026,PR_REG_0,TDO,TEL_DIG,N,
1555,JU,P_OKPCH,2027,2026,PR_REG_0,VIVA,PRAXIS,Y,"6702,6703,6704,6706,6708,6709,6710,6711,6712,6713,6715,6716,6718,6719,6721,6722,6724,6729,6730,6741,6742,6743,6745,6748,6750,6751,6753,6754,6757,6758,6759,6831"
1555,LU,P_OKPCH,2027,2026,PR_REG_1,COC,FLEX,N,
1555,LU,P_OKPCH,2027,2026,PR_REG_1,MCA,TEL_DIG,N,
1555,LU,P_OKPCH,2027,2026,PR_REG_1,MCMIT,PRAXIS,N,
1555,LU,P_OKPCH,2027,2026,PR_REG_1,MD,PRAXIS,N,
1555,LU,P_OKPCH,2027,2026,PR_REG_1,TCA,TEL_DIG,N,
1555,LU,P_OKPCH,2027,2026,PR_REG_1,TDO,TEL_DIG,N,
1555,LU,P_OKPCH,2027,2026,PR_REG_2,COC,FLEX,N,
1555,LU,P_OKPCH,2027,2026,PR_REG_2,MCA,TEL_DIG,N,
1555,LU,P_OKPCH,2027,2026,PR_REG_2,MCMIT,PRAXIS,N,
1555,LU,P_OKPCH,2027,2026,PR_REG_2,MD,PRAXIS,N,
1555,LU,P_OKPCH,2027,2026,PR_REG_2,TCA,TEL_DIG,N,
1555,LU,P_OKPCH,2027,2026,PR_REG_2,TDO,TEL_DIG,N,
1555,LU,P_OKPCH,2027,2026,PR_REG_3,COC,FLEX,N,
1555,LU,P_OKPCH,2027,2026,PR_REG_3,MCA,TEL_DIG,N,
1555,LU,P_OKPCH,2027,2026,PR_REG_3,MCMIT,PRAXIS,N,
1555,LU,P_OKPCH,2027,2026,PR_REG_3,MD,PRAXIS,N,
1555,LU,P_OKPCH,2027,2026,PR_REG_3,TCA,TEL_DIG,N,
1555,LU,P_OKPCH,2027,2026,PR_REG_3,TDO,TEL_DIG,N,
1555,NE,P_OKPCH,2027,2026,PR_REG_0,COC,FLEX,N,
1555,NE,P_OKPCH,2027,2026,PR_REG_0,MCA,TEL_DIG,N,
1555,NE,P_OKPCH,2027,2026,PR_REG_0,MCMIT,PRAXIS,N,
1555,NE,P_OKPCH,2027,2026,PR_REG_0,MD,PRAXIS,N,
1555,NE,P_OKPCH,2027,2026,PR_REG_0,TCA,TEL_DIG,N,
1555,NE,P_OKPCH,2027,2026,PR_REG_0,TDO,TEL_DIG,N,
1555,NE,P_OKPCH,2027,2026,PR_REG_0,VIVA,PRAXIS,N,
1555,NW,P_OKPCH,2027,2026,PR_REG_0,COC,FLEX,N,
1555,NW,P_OKPCH,2027,2026,PR_REG_0,MCA,TEL_DIG,N,
1555,NW,P_OKPCH,2027,2026,PR_REG_0,MCMIT,PRAXIS,N,
1555,NW,P_OKPCH,2027,2026,PR_REG_0,MD,PRAXIS,N,
1555,NW,P_OKPCH,2027,2026,PR_REG_0,TCA,TEL_DIG,N,
1555,NW,P_OKPCH,2027,2026,PR_REG_0,TDO,TEL_DIG,N,
1555,OW,P_OKPCH,2027,2026,PR_REG_0,COC,FLEX,N,
1555,OW,P_OKPCH,2027,2026,PR_REG_0,MCA,TEL_DIG,N,
1555,OW,P_OKPCH,2027,2026,PR_REG_0,MCMIT,PRAXIS,N,
1555,OW,P_OKPCH,2027,2026,PR_REG_0,MD,PRAXIS,N,
1555,OW,P_OKPCH,2027,2026,PR_REG_0,TCA,TEL_DIG,N,
1555,OW,P_OKPCH,2027,2026,PR_REG_0,TDO,TEL_DIG,N,
1555,SG,P_OKPCH,2027,2026,PR_REG_1,COC,FLEX,N,
1555,SG,P_OKPCH,2027,2026,PR_REG_1,MCA,TEL_DIG,N,
1555,SG,P_OKPCH,2027,2026,PR_REG_1,MCMIT,PRAXIS,N,
1555,SG,P_OKPCH,2027,2026,PR_REG_1,MD,PRAXIS,N,
1555,SG,P_OKPCH,2027,2026,PR_REG_1,TCA,TEL_DIG,N,
1555,SG,P_OKPCH,2027,2026,PR_REG_1,TDO,TEL_DIG,N,
1555,SG,P_OKPCH,2027,2026,PR_REG_2,COC,FLEX,N,
1555,SG,P_OKPCH,2027,2026,PR_REG_2,MCA,TEL_DIG,N,
1555,SG,P_OKPCH,2027,2026,PR_REG_2,MCMIT,PRAXIS,N,
1555,SG,P_OKPCH,2027,2026,PR_REG_2,MD,PRAXIS,N,
1555,SG,P_OKPCH,2027,2026,PR_REG_2,TCA,TEL_DIG,N,
1555,SG,P_OKPCH,2027,2026,PR_REG_2,TDO,TEL_DIG,N,
1555,SG,P_OKPCH,2027,2026,PR_REG_3,COC,FLEX,N,
1555,SG,P_OKPCH,2027,2026,PR_REG_3,MCA,TEL_DIG,N,
1555,SG,P_OKPCH,2027,2026,PR_REG_3,MCMIT,PRAXIS,N,
1555,SG,P_OKPCH,2027,2026,PR_REG_3,MD,PRAXIS,N,
1555,SG,P_OKPCH,2027,2026,PR_REG_3,TCA,TEL_DIG,N,
1555,SG,P_OKPCH,2027,2026,PR_REG_3,TDO,TEL_DIG,N,
1555,SH,P_OKPCH,2027,2026,PR_REG_1,COC,FLEX,N,
1555,SH,P_OKPCH,2027,2026,PR_REG_1,MCA,TEL_DIG,N,
1555,SH,P_OKPCH,2027,2026,PR_REG_1,MCMIT,PRAXIS,N,
1555,SH,P_OKPCH,2027,2026,PR_REG_1,MD,PRAXIS,N,
1555,SH,P_OKPCH,2027,2026,PR_REG_1,TCA,TEL_DIG,N,
1555,SH,P_OKPCH,2027,2026,PR_REG_1,TDO,TEL_DIG,N,
1555,SH,P_OKPCH,2027,2026,PR_REG_2,COC,FLEX,N,
1555,SH,P_OKPCH,2027,2026,PR_REG_2,MCA,TEL_DIG,N,
1555,SH,P_OKPCH,2027,2026,PR_REG_2,MCMIT,PRAXIS,N,
1555,SH,P_OKPCH,2027,2026,PR_REG_2,MD,PRAXIS,N,
1555,SH,P_OKPCH,2027,2026,PR_REG_2,TCA,TEL_DIG,N,
1555,SH,P_OKPCH,2027,2026,PR_REG_2,TDO,TEL_DIG,N,
1555,SO,P_OKPCH,2027,2026,PR_REG_0,COC,FLEX,N,
1555,SO,P_OKPCH,2027,2026,PR_REG_0,MCA,TEL_DIG,N,
1555,SO,P_OKPCH,2027,2026,PR_REG_0,MCMIT,PRAXIS,N,
1555,SO,P_OKPCH,2027,2026,PR_REG_0,MD,PRAXIS,N,
1555,SO,P_OKPCH,2027,2026,PR_REG_0,TCA,TEL_DIG,N,
1555,SO,P_OKPCH,2027,2026,PR_REG_0,TDO,TEL_DIG,N,
1555,SO,P_OKPCH,2027,2026,PR_REG_0,VIVA,PRAXIS,Y,"2401,2402,2403,2404,2405,2406,2407,2408,2491,2492,2493,2495,2497,2499,2500,2501,2502,2503,2571,2572,2573,2574,2575,2576,2578,2579,2580,2581,2582,2583,2584,2585,2586"
1555,SZ,P_OKPCH,2027,2026,PR_REG_0,COC,FLEX,N,
1555,SZ,P_OKPCH,2027,2026,PR_REG_0,MCA,TEL_DIG,N,
1555,SZ,P_OKPCH,2027,2026,PR_REG_0,MCMIT,PRAXIS,N,
1555,SZ,P_OKPCH,2027,2026,PR_REG_0,MD,PRAXIS,N,
1555,SZ,P_OKPCH,2027,2026,PR_REG_0,TCA,TEL_DIG,N,
1555,SZ,P_OKPCH,2027,2026,PR_REG_0,TDO,TEL_DIG,N,
1555,TG,P_OKPCH,2027,2026,PR_REG_0,COC,FLEX,N,
1555,TG,P_OKPCH,2027,2026,PR_REG_0,MCA,TEL_DIG,N,
1555,TG,P_OKPCH,2027,2026,PR_REG_0,MCMIT,PRAXIS,N,
1555,TG,P_OKPCH,2027,2026,PR_REG_0,MD,PRAXIS,N,
1555,TG,P_OKPCH,2027,2026,PR_REG_0,TCA,TEL_DIG,N,
1555,TG,P_OKPCH,2027,2026,PR_REG_0,TDO,TEL_DIG,N,
1555,TI,P_OKPCH,2027,2026,PR_REG_1,COC,FLEX,N,
1555,TI,P_OKPCH,2027,2026,PR_REG_1,MCA,TEL_DIG,N,
1555,TI,P_OKPCH,2027,2026,PR_REG_1,MCMIT,PRAXIS,N,
1555,TI,P_OKPCH,2027,2026,PR_REG_1,MD,PRAXIS,N,
1555,TI,P_OKPCH,2027,2026,PR_REG_1,TCA,TEL_DIG,N,
1555,TI,P_OKPCH,2027,2026,PR_REG_1,TDO,TEL_DIG,N,
1555,TI,P_OKPCH,2027,2026,PR_REG_2,COC,FLEX,N,
1555,TI,P_OKPCH,2027,2026,PR_REG_2,MCA,TEL_DIG,N,
1555,TI,P_OKPCH,2027,2026,PR_REG_2,MCMIT,PRAXIS,N,
1555,TI,P_OKPCH,2027,2026,PR_REG_2,MD,PRAXIS,N,
1555,TI,P_OKPCH,2027,2026,PR_REG_2,TCA,TEL_DIG,N,
1555,TI,P_OKPCH,2027,2026,PR_REG_2,TDO,TEL_DIG,N,
1555,UR,P_OKPCH,2027,2026,PR_REG_0,COC,FLEX,N,
1555,UR,P_OKPCH,2027,2026,PR_REG_0,MCA,TEL_DIG,N,
1555,UR,P_OKPCH,2027,2026,PR_REG_0,MCMIT,PRAXIS,N,
1555,UR,P_OKPCH,2027,2026,PR_REG_0,MD,PRAXIS,N,
1555,UR,P_OKPCH,2027,2026,PR_REG_0,TCA,TEL_DIG,N,
1555,UR,P_OKPCH,2027,2026,PR_REG_0,TDO,TEL_DIG,N,
1555,VD,P_OKPCH,2027,2026,PR_REG_1,COC,FLEX,N,
1555,VD,P_OKPCH,2027,2026,PR_REG_1,MCA,TEL_DIG,N,
1555,VD,P_OKPCH,2027,2026,PR_REG_1,MCMIT,PRAXIS,N,
1555,VD,P_OKPCH,2027,2026,PR_REG_1,MD,PRAXIS,N,
1555,VD,P_OKPCH,2027,2026,PR_REG_1,TCA,TEL_DIG,N,
1555,VD,P_OKPCH,2027,2026,PR_REG_1,TDO,TEL_DIG,N,
1555,VD,P_OKPCH,2027,2026,PR_REG_2,COC,FLEX,N,
1555,VD,P_OKPCH,2027,2026,PR_REG_2,MCA,TEL_DIG,N,
1555,VD,P_OKPCH,2027,2026,PR_REG_2,MCMIT,PRAXIS,N,
1555,VD,P_OKPCH,2027,2026,PR_REG_2,MD,PRAXIS,N,
1555,VD,P_OKPCH,2027,2026,PR_REG_2,TCA,TEL_DIG,N,
1555,VD,P_OKPCH,2027,2026,PR_REG_2,TDO,TEL_DIG,N,
1555,VS,P_OKPCH,2027,2026,PR_REG_1,COC,FLEX,N,
1555,VS,P_OKPCH,2027,2026,PR_REG_1,MCA,TEL_DIG,N,
1555,VS,P_OKPCH,2027,2026,PR_REG_1,MCMIT,PRAXIS,N,
1555,VS,P_OKPCH,2027,2026,PR_REG_1,MD,PRAXIS,N,
1555,VS,P_OKPCH,2027,2026,PR_REG_1,TCA,TEL_DIG,N,
1555,VS,P_OKPCH,2027,2026,PR_REG_1,TDO,TEL_DIG,N,
1555,VS,P_OKPCH,2027,2026,PR_REG_2,COC,FLEX,N,
1555,VS,P_OKPCH,2027,2026,PR_REG_2,MCA,TEL_DIG,N,
1555,VS,P_OKPCH,2027,2026,PR_REG_2,MCMIT,PRAXIS,N,
1555,VS,P_OKPCH,2027,2026,PR_REG_2,MD,PRAXIS,N,
1555,VS,P_OKPCH,2027,2026,PR_REG_2,TCA,TEL_DIG,N,
1555,VS,P_OKPCH,2027,2026,PR_REG_2,TDO,TEL_DIG,N,
1555,ZG,P_OKPCH,2027,2026,PR_REG_0,COC,FLEX,N,
1555,ZG,P_OKPCH,2027,2026,PR_REG_0,MCA,TEL_DIG,N,
1555,ZG,P_OKPCH,2027,2026,PR_REG_0,MCMIT,PRAXIS,N,
1555,ZG,P_OKPCH,2027,2026,PR_REG_0,MD,PRAXIS,N,
1555,ZG,P_OKPCH,2027,2026,PR_REG_0,TCA,TEL_DIG,N,
1555,ZG,P_OKPCH,2027,2026,PR_REG_0,TDO,TEL_DIG,N,
1555,ZH,P_OKPCH,2027,2026,PR_REG_1,COC,FLEX,N,
1555,ZH,P_OKPCH,2027,2026,PR_REG_1,MCA,TEL_DIG,N,
1555,ZH,P_OKPCH,2027,2026,PR_REG_1,MCMIT,PRAXIS,N,
1555,ZH,P_OKPCH,2027,2026,PR_REG_1,MD,PRAXIS,N,
1555,ZH,P_OKPCH,2027,2026,PR_REG_1,TCA,TEL_DIG,N,
1555,ZH,P_OKPCH,2027,2026,PR_REG_1,TDO,TEL_DIG,N,
1555,ZH,P_OKPCH,2027,2026,PR_REG_2,COC,FLEX,N,
1555,ZH,P_OKPCH,2027,2026,PR_REG_2,MCA,TEL_DIG,N,
1555,ZH,P_OKPCH,2027,2026,PR_REG_2,MCMIT,PRAXIS,N,
1555,ZH,P_OKPCH,2027,2026,PR_REG_2,MD,PRAXIS,N,
1555,ZH,P_OKPCH,2027,2026,PR_REG_2,TCA,TEL_DIG,N,
1555,ZH,P_OKPCH,2027,2026,PR_REG_2,TDO,TEL_DIG,N,
1555,ZH,P_OKPCH,2027,2026,PR_REG_3,COC,FLEX,N,
1555,ZH,P_OKPCH,2027,2026,PR_REG_3,MCA,TEL_DIG,N,
1555,ZH,P_OKPCH,2027,2026,PR_REG_3,MCMIT,PRAXIS,N,
1555,ZH,P_OKPCH,2027,2026,PR_REG_3,MD,PRAXIS,N,
1555,ZH,P_OKPCH,2027,2026,PR_REG_3,TCA,TEL_DIG,N,
1555,ZH,P_OKPCH,2027,2026,PR_REG_3,TDO,TEL_DIG,N,
1560,AG,P_OKPCH,2027,2026,PR_REG_0,AGRIcontact,TEL_DIG,N,
1560,AG,P_OKPCH,2027,2026,PR_REG_0,AGRIeco,PRAXIS,N,
1560,AG,P_OKPCH,2027,2026,PR_REG_0,AGRIsmart,TEL_DIG,N,
1560,AI,P_OKPCH,2027,2026,PR_REG_0,AGRIcontact,TEL_DIG,N,
1560,AI,P_OKPCH,2027,2026,PR_REG_0,AGRIeco,PRAXIS,N,
1560,AI,P_OKPCH,2027,2026,PR_REG_0,AGRIsmart,TEL_DIG,N,
1560,AR,P_OKPCH,2027,2026,PR_REG_0,AGRIeco,PRAXIS,N,
1560,AR,P_OKPCH,2027,2026,PR_REG_0,AGRIsmart,TEL_DIG,N,
1560,BE,P_OKPCH,2027,2026,PR_REG_1,AGRIcontact,TEL_DIG,N,
1560,BE,P_OKPCH,2027,2026,PR_REG_1,AGRIeco,PRAXIS,N,
1560,BE,P_OKPCH,2027,2026,PR_REG_2,AGRIcontact,TEL_DIG,N,
1560,BE,P_OKPCH,2027,2026,PR_REG_2,AGRIeco,PRAXIS,N,
1560,BE,P_OKPCH,2027,2026,PR_REG_2,AGRIsmart,TEL_DIG,N,
1560,BE,P_OKPCH,2027,2026,PR_REG_3,AGRIcontact,TEL_DIG,N,
1560,BE,P_OKPCH,2027,2026,PR_REG_3,AGRIeco,PRAXIS,N,
1560,BE,P_OKPCH,2027,2026,PR_REG_3,AGRIsmart,TEL_DIG,N,
1560,BL,P_OKPCH,2027,2026,PR_REG_1,AGRIcontact,TEL_DIG,N,
1560,BL,P_OKPCH,2027,2026,PR_REG_1,AGRIeco,PRAXIS,N,
1560,BL,P_OKPCH,2027,2026,PR_REG_2,AGRIcontact,TEL_DIG,N,
1560,BL,P_OKPCH,2027,2026,PR_REG_2,AGRIeco,PRAXIS,N,
1560,BL,P_OKPCH,2027,2026,PR_REG_2,AGRIsmart,TEL_DIG,N,
1560,BS,P_OKPCH,2027,2026,PR_REG_0,AGRIcontact,TEL_DIG,N,
1560,BS,P_OKPCH,2027,2026,PR_REG_0,AGRIeco,PRAXIS,N,
1560,BS,P_OKPCH,2027,2026,PR_REG_0,AGRIsmart,TEL_DIG,N,
1560,FR,P_OKPCH,2027,2026,PR_REG_1,AGRIcontact,TEL_DIG,N,
1560,FR,P_OKPCH,2027,2026,PR_REG_1,AGRIeco,PRAXIS,N,
1560,FR,P_OKPCH,2027,2026,PR_REG_2,AGRIcontact,TEL_DIG,N,
1560,FR,P_OKPCH,2027,2026,PR_REG_2,AGRIeco,PRAXIS,N,
1560,FR,P_OKPCH,2027,2026,PR_REG_2,AGRIsmart,TEL_DIG,N,
1560,GL,P_OKPCH,2027,2026,PR_REG_0,AGRIcontact,TEL_DIG,N,
1560,GL,P_OKPCH,2027,2026,PR_REG_0,AGRIeco,PRAXIS,N,
1560,GL,P_OKPCH,2027,2026,PR_REG_0,AGRIsmart,TEL_DIG,N,
1560,GR,P_OKPCH,2027,2026,PR_REG_1,AGRIcontact,TEL_DIG,N,
1560,GR,P_OKPCH,2027,2026,PR_REG_1,AGRIeco,PRAXIS,N,
1560,GR,P_OKPCH,2027,2026,PR_REG_2,AGRIcontact,TEL_DIG,N,
1560,GR,P_OKPCH,2027,2026,PR_REG_2,AGRIeco,PRAXIS,N,
1560,GR,P_OKPCH,2027,2026,PR_REG_2,AGRIsmart,TEL_DIG,N,
1560,GR,P_OKPCH,2027,2026,PR_REG_3,AGRIcontact,TEL_DIG,N,
1560,GR,P_OKPCH,2027,2026,PR_REG_3,AGRIeco,PRAXIS,N,
1560,GR,P_OKPCH,2027,2026,PR_REG_3,AGRIsmart,TEL_DIG,N,
1560,JU,P_OKPCH,2027,2026,PR_REG_0,AGRIcontact,TEL_DIG,N,
1560,JU,P_OKPCH,2027,2026,PR_REG_0,AGRIeco,PRAXIS,N,
1560,JU,P_OKPCH,2027,2026,PR_REG_0,AGRIsmart,TEL_DIG,N,
1560,LU,P_OKPCH,2027,2026,PR_REG_1,AGRIcontact,TEL_DIG,N,
1560,LU,P_OKPCH,2027,2026,PR_REG_1,AGRIeco,PRAXIS,N,
1560,LU,P_OKPCH,2027,2026,PR_REG_2,AGRIcontact,TEL_DIG,N,
1560,LU,P_OKPCH,2027,2026,PR_REG_2,AGRIeco,PRAXIS,N,
1560,LU,P_OKPCH,2027,2026,PR_REG_2,AGRIsmart,TEL_DIG,N,
1560,LU,P_OKPCH,2027,2026,PR_REG_3,AGRIcontact,TEL_DIG,N,
1560,LU,P_OKPCH,2027,2026,PR_REG_3,AGRIeco,PRAXIS,N,
1560,LU,P_OKPCH,2027,2026,PR_REG_3,AGRIsmart,TEL_DIG,N,
1560,NE,P_OKPCH,2027,2026,PR_REG_0,AGRIcontact,TEL_DIG,N,
1560,NE,P_OKPCH,2027,2026,PR_REG_0,AGRIeco,PRAXIS,N,
1560,NE,P_OKPCH,2027,2026,PR_REG_0,AGRIsmart,TEL_DIG,N,
1560,NW,P_OKPCH,2027,2026,PR_REG_0,AGRIcontact,TEL_DIG,N,
1560,NW,P_OKPCH,2027,2026,PR_REG_0,AGRIeco,PRAXIS,N,
1560,NW,P_OKPCH,2027,2026,PR_REG_0,AGRIsmart,TEL_DIG,N,
1560,OW,P_OKPCH,2027,2026,PR_REG_0,AGRIcontact,TEL_DIG,N,
1560,OW,P_OKPCH,2027,2026,PR_REG_0,AGRIeco,PRAXIS,N,
1560,OW,P_OKPCH,2027,2026,PR_REG_0,AGRIsmart,TEL_DIG,N,
1560,SG,P_OKPCH,2027,2026,PR_REG_1,AGRIcontact,TEL_DIG,N,
1560,SG,P_OKPCH,2027,2026,PR_REG_1,AGRIeco,PRAXIS,N,
1560,SG,P_OKPCH,2027,2026,PR_REG_2,AGRIcontact,TEL_DIG,N,
1560,SG,P_OKPCH,2027,2026,PR_REG_2,AGRIeco,PRAXIS,N,
1560,SG,P_OKPCH,2027,2026,PR_REG_2,AGRIsmart,TEL_DIG,N,
1560,SG,P_OKPCH,2027,2026,PR_REG_3,AGRIcontact,TEL_DIG,N,
1560,SG,P_OKPCH,2027,2026,PR_REG_3,AGRIeco,PRAXIS,N,
1560,SG,P_OKPCH,2027,2026,PR_REG_3,AGRIsmart,TEL_DIG,N,
1560,SH,P_OKPCH,2027,2026,PR_REG_1,AGRIcontact,TEL_DIG,N,
1560,SH,P_OKPCH,2027,2026,PR_REG_1,AGRIeco,PRAXIS,N,
1560,SH,P_OKPCH,2027,2026,PR_REG_2,AGRIcontact,TEL_DIG,N,
1560,SH,P_OKPCH,2027,2026,PR_REG_2,AGRIeco,PRAXIS,N,
1560,SH,P_OKPCH,2027,2026,PR_REG_2,AGRIsmart,TEL_DIG,N,
1560,SO,P_OKPCH,2027,2026,PR_REG_0,AGRIcontact,TEL_DIG,N,
1560,SO,P_OKPCH,2027,2026,PR_REG_0,AGRIeco,PRAXIS,N,
1560,SO,P_OKPCH,2027,2026,PR_REG_0,AGRIsmart,TEL_DIG,N,
1560,SZ,P_OKPCH,2027,2026,PR_REG_0,AGRIeco,PRAXIS,N,
1560,SZ,P_OKPCH,2027,2026,PR_REG_0,AGRIsmart,TEL_DIG,N,
1560,TG,P_OKPCH,2027,2026,PR_REG_0,AGRIcontact,TEL_DIG,N,
1560,TG,P_OKPCH,2027,2026,PR_REG_0,AGRIeco,PRAXIS,N,
1560,TG,P_OKPCH,2027,2026,PR_REG_0,AGRIsmart,TEL_DIG,N,
1560,TI,P_OKPCH,2027,2026,PR_REG_1,AGRIcontact,TEL_DIG,N,
1560,TI,P_OKPCH,2027,2026,PR_REG_1,AGRIeco,PRAXIS,N,
1560,TI,P_OKPCH,2027,2026,PR_REG_1,AGRIsmart,TEL_DIG,N,
1560,TI,P_OKPCH,2027,2026,PR_REG_2,AGRIcontact,TEL_DIG,N,
1560,TI,P_OKPCH,2027,2026,PR_REG_2,AGRIeco,PRAXIS,N,
1560,TI,P_OKPCH,2027,2026,PR_REG_2,AGRIsmart,TEL_DIG,N,
1560,UR,P_OKPCH,2027,2026,PR_REG_0,AGRIcontact,TEL_DIG,N,
1560,UR,P_OKPCH,2027,2026,PR_REG_0,AGRIeco,PRAXIS,N,
1560,UR,P_OKPCH,2027,2026,PR_REG_0,AGRIsmart,TEL_DIG,N,
1560,VS,P_OKPCH,2027,2026,PR_REG_2,AGRIcontact,TEL_DIG,N,
1560,VS,P_OKPCH,2027,2026,PR_REG_2,AGRIeco,PRAXIS,N,
1560,VS,P_OKPCH,2027,2026,PR_REG_2,AGRIsmart,TEL_DIG,N,
1560,ZG,P_OKPCH,2027,2026,PR_REG_0,AGRIcontact,TEL_DIG,N,
1560,ZG,P_OKPCH,2027,2026,PR_REG_0,AGRIeco,PRAXIS,N,
1560,ZG,P_OKPCH,2027,2026,PR_REG_0,AGRIsmart,TEL_DIG,N,
1560,ZH,P_OKPCH,2027,2026,PR_REG_1,AGRIcontact,TEL_DIG,N,
1560,ZH,P_OKPCH,2027,2026,PR_REG_1,AGRIeco,PRAXIS,N,
1560,ZH,P_OKPCH,2027,2026,PR_REG_2,AGRIcontact,TEL_DIG,N,
1560,ZH,P_OKPCH,2027,2026,PR_REG_2,AGRIeco,PRAXIS,N,
1560,ZH,P_OKPCH,2027,2026,PR_REG_2,AGRIsmart,TEL_DIG,N,
1560,ZH,P_OKPCH,2027,2026,PR_REG_3,AGRIcontact,TEL_DIG,N,
1560,ZH,P_OKPCH,2027,2026,PR_REG_3,AGRIeco,PRAXIS,N,
1560,ZH,P_OKPCH,2027,2026,PR_REG_3,AGRIsmart,TEL_DIG,N,
1562,AG,P_OKPCH,2027,2026,PR_REG_0,BFP_BF,PRAXIS,N,
1562,AG,P_OKPCH,2027,2026,PR_REG_0,BFP_CA,PRAXIS,N,
1562,AG,P_OKPCH,2027,2026,PR_REG_0,BFP_CM,PRAXIS,N,
1562,AG,P_OKPCH,2027,2026,PR_REG_0,BFP_CP,PRAXIS,N,
1562,AG,P_OKPCH,2027,2026,PR_REG_0,BFP_CPF,FLEX,N,
1562,AG,P_OKPCH,2027,2026,PR_REG_0,BFP_TEL,TEL_DIG,N,
1562,AG,P_OKPCH,2027,2026,PR_REG_0,PREMED,TEL_DIG,N,
1562,AI,P_OKPCH,2027,2026,PR_REG_0,BFP_BF,PRAXIS,N,
1562,AI,P_OKPCH,2027,2026,PR_REG_0,BFP_CA,PRAXIS,N,
1562,AI,P_OKPCH,2027,2026,PR_REG_0,BFP_CM,PRAXIS,N,
1562,AI,P_OKPCH,2027,2026,PR_REG_0,BFP_CP,PRAXIS,N,
1562,AI,P_OKPCH,2027,2026,PR_REG_0,BFP_CPF,FLEX,N,
1562,AI,P_OKPCH,2027,2026,PR_REG_0,BFP_TEL,TEL_DIG,N,
1562,AI,P_OKPCH,2027,2026,PR_REG_0,PREMED,TEL_DIG,N,
1562,AR,P_OKPCH,2027,2026,PR_REG_0,BFP_BF,PRAXIS,N,
1562,AR,P_OKPCH,2027,2026,PR_REG_0,BFP_CA,PRAXIS,N,
1562,AR,P_OKPCH,2027,2026,PR_REG_0,BFP_CM,PRAXIS,N,
1562,AR,P_OKPCH,2027,2026,PR_REG_0,BFP_CP,PRAXIS,N,
1562,AR,P_OKPCH,2027,2026,PR_REG_0,BFP_CPF,FLEX,N,
1562,AR,P_OKPCH,2027,2026,PR_REG_0,BFP_TEL,TEL_DIG,N,
1562,AR,P_OKPCH,2027,2026,PR_REG_0,PREMED,TEL_DIG,N,
1562,BE,P_OKPCH,2027,2026,PR_REG_1,BFP_BF,PRAXIS,N,
1562,BE,P_OKPCH,2027,2026,PR_REG_1,BFP_CA,PRAXIS,N,
1562,BE,P_OKPCH,2027,2026,PR_REG_1,BFP_CM,PRAXIS,N,
1562,BE,P_OKPCH,2027,2026,PR_REG_1,BFP_CP,PRAXIS,N,
1562,BE,P_OKPCH,2027,2026,PR_REG_1,BFP_CPF,FLEX,N,
1562,BE,P_OKPCH,2027,2026,PR_REG_1,BFP_TEL,TEL_DIG,N,
1562,BE,P_OKPCH,2027,2026,PR_REG_1,PREMED,TEL_DIG,N,
1562,BE,P_OKPCH,2027,2026,PR_REG_2,BFP_BF,PRAXIS,N,
1562,BE,P_OKPCH,2027,2026,PR_REG_2,BFP_CA,PRAXIS,N,
1562,BE,P_OKPCH,2027,2026,PR_REG_2,BFP_CM,PRAXIS,N,
1562,BE,P_OKPCH,2027,2026,PR_REG_2,BFP_CP,PRAXIS,N,
1562,BE,P_OKPCH,2027,2026,PR_REG_2,BFP_CPF,FLEX,N,
1562,BE,P_OKPCH,2027,2026,PR_REG_2,BFP_TEL,TEL_DIG,N,
1562,BE,P_OKPCH,2027,2026,PR_REG_2,PREMED,TEL_DIG,N,
1562,BE,P_OKPCH,2027,2026,PR_REG_3,BFP_BF,PRAXIS,N,
1562,BE,P_OKPCH,2027,2026,PR_REG_3,BFP_CA,PRAXIS,N,
1562,BE,P_OKPCH,2027,2026,PR_REG_3,BFP_CM,PRAXIS,N,
1562,BE,P_OKPCH,2027,2026,PR_REG_3,BFP_CP,PRAXIS,N,
1562,BE,P_OKPCH,2027,2026,PR_REG_3,BFP_CPF,FLEX,N,
1562,BE,P_OKPCH,2027,2026,PR_REG_3,BFP_TEL,TEL_DIG,N,
1562,BE,P_OKPCH,2027,2026,PR_REG_3,PREMED,TEL_DIG,N,
1562,BL,P_OKPCH,2027,2026,PR_REG_1,BFP_BF,PRAXIS,N,
1562,BL,P_OKPCH,2027,2026,PR_REG_1,BFP_CA,PRAXIS,N,
1562,BL,P_OKPCH,2027,2026,PR_REG_1,BFP_CM,PRAXIS,N,
1562,BL,P_OKPCH,2027,2026,PR_REG_1,BFP_CP,PRAXIS,N,
1562,BL,P_OKPCH,2027,2026,PR_REG_1,BFP_CPF,FLEX,N,
1562,BL,P_OKPCH,2027,2026,PR_REG_1,BFP_TEL,TEL_DIG,N,
1562,BL,P_OKPCH,2027,2026,PR_REG_1,PREMED,TEL_DIG,N,
1562,BL,P_OKPCH,2027,2026,PR_REG_2,BFP_BF,PRAXIS,N,
1562,BL,P_OKPCH,2027,2026,PR_REG_2,BFP_CA,PRAXIS,N,
1562,BL,P_OKPCH,2027,2026,PR_REG_2,BFP_CM,PRAXIS,N,
1562,BL,P_OKPCH,2027,2026,PR_REG_2,BFP_CP,PRAXIS,N,
1562,BL,P_OKPCH,2027,2026,PR_REG_2,BFP_CPF,FLEX,N,
1562,BL,P_OKPCH,2027,2026,PR_REG_2,BFP_TEL,TEL_DIG,N,
1562,BL,P_OKPCH,2027,2026,PR_REG_2,PREMED,TEL_DIG,N,
1562,BS,P_OKPCH,2027,2026,PR_REG_0,BFP_BF,PRAXIS,N,
1562,BS,P_OKPCH,2027,2026,PR_REG_0,BFP_CA,PRAXIS,N,
1562,BS,P_OKPCH,2027,2026,PR_REG_0,BFP_CM,PRAXIS,N,
1562,BS,P_OKPCH,2027,2026,PR_REG_0,BFP_CP,PRAXIS,N,
1562,BS,P_OKPCH,2027,2026,PR_REG_0,BFP_CPF,FLEX,N,
1562,BS,P_OKPCH,2027,2026,PR_REG_0,BFP_TEL,TEL_DIG,N,
1562,BS,P_OKPCH,2027,2026,PR_REG_0,PREMED,TEL_DIG,N,
1562,FR,P_OKPCH,2027,2026,PR_REG_1,BFP_BF,PRAXIS,N,
1562,FR,P_OKPCH,2027,2026,PR_REG_1,BFP_CA,PRAXIS,N,
1562,FR,P_OKPCH,2027,2026,PR_REG_1,BFP_CM,PRAXIS,N,
1562,FR,P_OKPCH,2027,2026,PR_REG_1,BFP_CP,PRAXIS,N,
1562,FR,P_OKPCH,2027,2026,PR_REG_1,BFP_CPF,FLEX,N,
1562,FR,P_OKPCH,2027,2026,PR_REG_1,BFP_TEL,TEL_DIG,N,
1562,FR,P_OKPCH,2027,2026,PR_REG_1,PREMED,TEL_DIG,N,
1562,FR,P_OKPCH,2027,2026,PR_REG_2,BFP_BF,PRAXIS,N,
1562,FR,P_OKPCH,2027,2026,PR_REG_2,BFP_CA,PRAXIS,N,
1562,FR,P_OKPCH,2027,2026,PR_REG_2,BFP_CM,PRAXIS,N,
1562,FR,P_OKPCH,2027,2026,PR_REG_2,BFP_CP,PRAXIS,N,
1562,FR,P_OKPCH,2027,2026,PR_REG_2,BFP_CPF,FLEX,N,
1562,FR,P_OKPCH,2027,2026,PR_REG_2,BFP_TEL,TEL_DIG,N,
1562,FR,P_OKPCH,2027,2026,PR_REG_2,PREMED,TEL_DIG,N,
1562,GE,P_OKPCH,2027,2026,PR_REG_0,BFP_BF,PRAXIS,N,
1562,GE,P_OKPCH,2027,2026,PR_REG_0,BFP_CA,PRAXIS,N,
1562,GE,P_OKPCH,2027,2026,PR_REG_0,BFP_CM,PRAXIS,N,
1562,GE,P_OKPCH,2027,2026,PR_REG_0,BFP_CP,PRAXIS,N,
1562,GE,P_OKPCH,2027,2026,PR_REG_0,BFP_CPF,FLEX,N,
1562,GE,P_OKPCH,2027,2026,PR_REG_0,BFP_TEL,TEL_DIG,N,
1562,GE,P_OKPCH,2027,2026,PR_REG_0,PREMED,TEL_DIG,N,
1562,GL,P_OKPCH,2027,2026,PR_REG_0,BFP_BF,PRAXIS,N,
1562,GL,P_OKPCH,2027,2026,PR_REG_0,BFP_CA,PRAXIS,N,
1562,GL,P_OKPCH,2027,2026,PR_REG_0,BFP_CM,PRAXIS,N,
1562,GL,P_OKPCH,2027,2026,PR_REG_0,BFP_CP,PRAXIS,N,
1562,GL,P_OKPCH,2027,2026,PR_REG_0,BFP_CPF,FLEX,N,
1562,GL,P_OKPCH,2027,2026,PR_REG_0,BFP_TEL,TEL_DIG,N,
1562,GL,P_OKPCH,2027,2026,PR_REG_0,PREMED,TEL_DIG,N,
1562,GR,P_OKPCH,2027,2026,PR_REG_1,BFP_BF,PRAXIS,N,
1562,GR,P_OKPCH,2027,2026,PR_REG_1,BFP_CA,PRAXIS,N,
1562,GR,P_OKPCH,2027,2026,PR_REG_1,BFP_CM,PRAXIS,N,
1562,GR,P_OKPCH,2027,2026,PR_REG_1,BFP_CP,PRAXIS,N,
1562,GR,P_OKPCH,2027,2026,PR_REG_1,BFP_CPF,FLEX,N,
1562,GR,P_OKPCH,2027,2026,PR_REG_1,BFP_TEL,TEL_DIG,N,
1562,GR,P_OKPCH,2027,2026,PR_REG_1,PREMED,TEL_DIG,N,
1562,GR,P_OKPCH,2027,2026,PR_REG_2,BFP_BF,PRAXIS,N,
1562,GR,P_OKPCH,2027,2026,PR_REG_2,BFP_CA,PRAXIS,N,
1562,GR,P_OKPCH,2027,2026,PR_REG_2,BFP_CM,PRAXIS,N,
1562,GR,P_OKPCH,2027,2026,PR_REG_2,BFP_CP,PRAXIS,N,
1562,GR,P_OKPCH,2027,2026,PR_REG_2,BFP_CPF,FLEX,N,
1562,GR,P_OKPCH,2027,2026,PR_REG_2,BFP_TEL,TEL_DIG,N,
1562,GR,P_OKPCH,2027,2026,PR_REG_2,PREMED,TEL_DIG,N,
1562,GR,P_OKPCH,2027,2026,PR_REG_3,BFP_BF,PRAXIS,N,
1562,GR,P_OKPCH,2027,2026,PR_REG_3,BFP_CA,PRAXIS,N,
1562,GR,P_OKPCH,2027,2026,PR_REG_3,BFP_CM,PRAXIS,N,
1562,GR,P_OKPCH,2027,2026,PR_REG_3,BFP_CP,PRAXIS,N,
1562,GR,P_OKPCH,2027,2026,PR_REG_3,BFP_CPF,FLEX,N,
1562,GR,P_OKPCH,2027,2026,PR_REG_3,BFP_TEL,TEL_DIG,N,
1562,GR,P_OKPCH,2027,2026,PR_REG_3,PREMED,TEL_DIG,N,
1562,JU,P_OKPCH,2027,2026,PR_REG_0,BFP_BF,PRAXIS,N,
1562,JU,P_OKPCH,2027,2026,PR_REG_0,BFP_CA,PRAXIS,N,
1562,JU,P_OKPCH,2027,2026,PR_REG_0,BFP_CM,PRAXIS,N,
1562,JU,P_OKPCH,2027,2026,PR_REG_0,BFP_CP,PRAXIS,N,
1562,JU,P_OKPCH,2027,2026,PR_REG_0,BFP_CPF,FLEX,N,
1562,JU,P_OKPCH,2027,2026,PR_REG_0,BFP_TEL,TEL_DIG,N,
1562,JU,P_OKPCH,2027,2026,PR_REG_0,PREMED,TEL_DIG,N,
1562,LU,P_OKPCH,2027,2026,PR_REG_1,BFP_BF,PRAXIS,N,
1562,LU,P_OKPCH,2027,2026,PR_REG_1,BFP_CA,PRAXIS,N,
1562,LU,P_OKPCH,2027,2026,PR_REG_1,BFP_CM,PRAXIS,N,
1562,LU,P_OKPCH,2027,2026,PR_REG_1,BFP_CP,PRAXIS,N,
1562,LU,P_OKPCH,2027,2026,PR_REG_1,BFP_CPF,FLEX,N,
1562,LU,P_OKPCH,2027,2026,PR_REG_1,BFP_TEL,TEL_DIG,N,
1562,LU,P_OKPCH,2027,2026,PR_REG_1,PREMED,TEL_DIG,N,
1562,LU,P_OKPCH,2027,2026,PR_REG_2,BFP_BF,PRAXIS,N,
1562,LU,P_OKPCH,2027,2026,PR_REG_2,BFP_CA,PRAXIS,N,
1562,LU,P_OKPCH,2027,2026,PR_REG_2,BFP_CM,PRAXIS,N,
1562,LU,P_OKPCH,2027,2026,PR_REG_2,BFP_CP,PRAXIS,N,
1562,LU,P_OKPCH,2027,2026,PR_REG_2,BFP_CPF,FLEX,N,
1562,LU,P_OKPCH,2027,2026,PR_REG_2,BFP_TEL,TEL_DIG,N,
1562,LU,P_OKPCH,2027,2026,PR_REG_2,PREMED,TEL_DIG,N,
1562,LU,P_OKPCH,2027,2026,PR_REG_3,BFP_BF,PRAXIS,N,
1562,LU,P_OKPCH,2027,2026,PR_REG_3,BFP_CA,PRAXIS,N,
1562,LU,P_OKPCH,2027,2026,PR_REG_3,BFP_CM,PRAXIS,N,
1562,LU,P_OKPCH,2027,2026,PR_REG_3,BFP_CP,PRAXIS,N,
1562,LU,P_OKPCH,2027,2026,PR_REG_3,BFP_CPF,FLEX,N,
1562,LU,P_OKPCH,2027,2026,PR_REG_3,BFP_TEL,TEL_DIG,N,
1562,LU,P_OKPCH,2027,2026,PR_REG_3,PREMED,TEL_DIG,N,
1562,NE,P_OKPCH,2027,2026,PR_REG_0,BFP_BF,PRAXIS,N,
1562,NE,P_OKPCH,2027,2026,PR_REG_0,BFP_CA,PRAXIS,N,
1562,NE,P_OKPCH,2027,2026,PR_REG_0,BFP_CM,PRAXIS,N,
1562,NE,P_OKPCH,2027,2026,PR_REG_0,BFP_CP,PRAXIS,N,
1562,NE,P_OKPCH,2027,2026,PR_REG_0,BFP_CPF,FLEX,N,
1562,NE,P_OKPCH,2027,2026,PR_REG_0,BFP_TEL,TEL_DIG,N,
1562,NE,P_OKPCH,2027,2026,PR_REG_0,PREMED,TEL_DIG,N,
1562,NW,P_OKPCH,2027,2026,PR_REG_0,BFP_BF,PRAXIS,N,
1562,NW,P_OKPCH,2027,2026,PR_REG_0,BFP_CA,PRAXIS,N,
1562,NW,P_OKPCH,2027,2026,PR_REG_0,BFP_CM,PRAXIS,N,
1562,NW,P_OKPCH,2027,2026,PR_REG_0,BFP_CP,PRAXIS,N,
1562,NW,P_OKPCH,2027,2026,PR_REG_0,BFP_CPF,FLEX,N,
1562,NW,P_OKPCH,2027,2026,PR_REG_0,BFP_TEL,TEL_DIG,N,
1562,NW,P_OKPCH,2027,2026,PR_REG_0,PREMED,TEL_DIG,N,
1562,OW,P_OKPCH,2027,2026,PR_REG_0,BFP_BF,PRAXIS,N,
1562,OW,P_OKPCH,2027,2026,PR_REG_0,BFP_CA,PRAXIS,N,
1562,OW,P_OKPCH,2027,2026,PR_REG_0,BFP_CM,PRAXIS,N,
1562,OW,P_OKPCH,2027,2026,PR_REG_0,BFP_CP,PRAXIS,N,
1562,OW,P_OKPCH,2027,2026,PR_REG_0,BFP_CPF,FLEX,N,
1562,OW,P_OKPCH,2027,2026,PR_REG_0,BFP_TEL,TEL_DIG,N,
1562,OW,P_OKPCH,2027,2026,PR_REG_0,PREMED,TEL_DIG,N,
1562,SG,P_OKPCH,2027,2026,PR_REG_1,BFP_BF,PRAXIS,N,
1562,SG,P_OKPCH,2027,2026,PR_REG_1,BFP_CA,PRAXIS,N,
1562,SG,P_OKPCH,2027,2026,PR_REG_1,BFP_CM,PRAXIS,N,
1562,SG,P_OKPCH,2027,2026,PR_REG_1,BFP_CP,PRAXIS,N,
1562,SG,P_OKPCH,2027,2026,PR_REG_1,BFP_CPF,FLEX,N,
1562,SG,P_OKPCH,2027,2026,PR_REG_1,BFP_TEL,TEL_DIG,N,
1562,SG,P_OKPCH,2027,2026,PR_REG_1,PREMED,TEL_DIG,N,
1562,SG,P_OKPCH,2027,2026,PR_REG_2,BFP_BF,PRAXIS,N,
1562,SG,P_OKPCH,2027,2026,PR_REG_2,BFP_CA,PRAXIS,N,
1562,SG,P_OKPCH,2027,2026,PR_REG_2,BFP_CM,PRAXIS,N,
1562,SG,P_OKPCH,2027,2026,PR_REG_2,BFP_CP,PRAXIS,N,
1562,SG,P_OKPCH,2027,2026,PR_REG_2,BFP_CPF,FLEX,N,
1562,SG,P_OKPCH,2027,2026,PR_REG_2,BFP_TEL,TEL_DIG,N,
1562,SG,P_OKPCH,2027,2026,PR_REG_2,PREMED,TEL_DIG,N,
1562,SG,P_OKPCH,2027,2026,PR_REG_3,BFP_BF,PRAXIS,N,
1562,SG,P_OKPCH,2027,2026,PR_REG_3,BFP_CA,PRAXIS,N,
1562,SG,P_OKPCH,2027,2026,PR_REG_3,BFP_CM,PRAXIS,N,
1562,SG,P_OKPCH,2027,2026,PR_REG_3,BFP_CP,PRAXIS,N,
1562,SG,P_OKPCH,2027,2026,PR_REG_3,BFP_CPF,FLEX,N,
1562,SG,P_OKPCH,2027,2026,PR_REG_3,BFP_TEL,TEL_DIG,N,
1562,SG,P_OKPCH,2027,2026,PR_REG_3,PREMED,TEL_DIG,N,
1562,SH,P_OKPCH,2027,2026,PR_REG_1,BFP_BF,PRAXIS,N,
1562,SH,P_OKPCH,2027,2026,PR_REG_1,BFP_CA,PRAXIS,N,
1562,SH,P_OKPCH,2027,2026,PR_REG_1,BFP_CM,PRAXIS,N,
1562,SH,P_OKPCH,2027,2026,PR_REG_1,BFP_CP,PRAXIS,N,
1562,SH,P_OKPCH,2027,2026,PR_REG_1,BFP_CPF,FLEX,N,
1562,SH,P_OKPCH,2027,2026,PR_REG_1,BFP_TEL,TEL_DIG,N,
1562,SH,P_OKPCH,2027,2026,PR_REG_1,PREMED,TEL_DIG,N,
1562,SH,P_OKPCH,2027,2026,PR_REG_2,BFP_BF,PRAXIS,N,
1562,SH,P_OKPCH,2027,2026,PR_REG_2,BFP_CA,PRAXIS,N,
1562,SH,P_OKPCH,2027,2026,PR_REG_2,BFP_CM,PRAXIS,N,
1562,SH,P_OKPCH,2027,2026,PR_REG_2,BFP_CP,PRAXIS,N,
1562,SH,P_OKPCH,2027,2026,PR_REG_2,BFP_CPF,FLEX,N,
1562,SH,P_OKPCH,2027,2026,PR_REG_2,BFP_TEL,TEL_DIG,N,
1562,SH,P_OKPCH,2027,2026,PR_REG_2,PREMED,TEL_DIG,N,
1562,SO,P_OKPCH,2027,2026,PR_REG_0,BFP_BF,PRAXIS,N,
1562,SO,P_OKPCH,2027,2026,PR_REG_0,BFP_CA,PRAXIS,N,
1562,SO,P_OKPCH,2027,2026,PR_REG_0,BFP_CM,PRAXIS,N,
1562,SO,P_OKPCH,2027,2026,PR_REG_0,BFP_CP,PRAXIS,N,
1562,SO,P_OKPCH,2027,2026,PR_REG_0,BFP_CPF,FLEX,N,
1562,SO,P_OKPCH,2027,2026,PR_REG_0,BFP_TEL,TEL_DIG,N,
1562,SO,P_OKPCH,2027,2026,PR_REG_0,PREMED,TEL_DIG,N,
1562,SZ,P_OKPCH,2027,2026,PR_REG_0,BFP_BF,PRAXIS,N,
1562,SZ,P_OKPCH,2027,2026,PR_REG_0,BFP_CA,PRAXIS,N,
1562,SZ,P_OKPCH,2027,2026,PR_REG_0,BFP_CM,PRAXIS,N,
1562,SZ,P_OKPCH,2027,2026,PR_REG_0,BFP_CP,PRAXIS,N,
1562,SZ,P_OKPCH,2027,2026,PR_REG_0,BFP_CPF,FLEX,N,
1562,SZ,P_OKPCH,2027,2026,PR_REG_0,BFP_TEL,TEL_DIG,N,
1562,SZ,P_OKPCH,2027,2026,PR_REG_0,PREMED,TEL_DIG,N,
1562,TG,P_OKPCH,2027,2026,PR_REG_0,BFP_BF,PRAXIS,N,
1562,TG,P_OKPCH,2027,2026,PR_REG_0,BFP_CA,PRAXIS,N,
1562,TG,P_OKPCH,2027,2026,PR_REG_0,BFP_CM,PRAXIS,N,
1562,TG,P_OKPCH,2027,2026,PR_REG_0,BFP_CP,PRAXIS,N,
1562,TG,P_OKPCH,2027,2026,PR_REG_0,BFP_CPF,FLEX,N,
1562,TG,P_OKPCH,2027,2026,PR_REG_0,BFP_TEL,TEL_DIG,N,
1562,TG,P_OKPCH,2027,2026,PR_REG_0,PREMED,TEL_DIG,N,
1562,TI,P_OKPCH,2027,2026,PR_REG_1,BFP_BF,PRAXIS,N,
1562,TI,P_OKPCH,2027,2026,PR_REG_1,BFP_CA,PRAXIS,N,
1562,TI,P_OKPCH,2027,2026,PR_REG_1,BFP_CM,PRAXIS,N,
1562,TI,P_OKPCH,2027,2026,PR_REG_1,BFP_CP,PRAXIS,N,
1562,TI,P_OKPCH,2027,2026,PR_REG_1,BFP_CPF,FLEX,N,
1562,TI,P_OKPCH,2027,2026,PR_REG_1,BFP_TEL,TEL_DIG,N,
1562,TI,P_OKPCH,2027,2026,PR_REG_1,PREMED,TEL_DIG,N,
1562,TI,P_OKPCH,2027,2026,PR_REG_2,BFP_BF,PRAXIS,N,
1562,TI,P_OKPCH,2027,2026,PR_REG_2,BFP_CA,PRAXIS,N,
1562,TI,P_OKPCH,2027,2026,PR_REG_2,BFP_CM,PRAXIS,N,
1562,TI,P_OKPCH,2027,2026,PR_REG_2,BFP_CP,PRAXIS,N,
1562,TI,P_OKPCH,2027,2026,PR_REG_2,BFP_CPF,FLEX,N,
1562,TI,P_OKPCH,2027,2026,PR_REG_2,BFP_TEL,TEL_DIG,N,
1562,TI,P_OKPCH,2027,2026,PR_REG_2,PREMED,TEL_DIG,N,
1562,UR,P_OKPCH,2027,2026,PR_REG_0,BFP_BF,PRAXIS,N,
1562,UR,P_OKPCH,2027,2026,PR_REG_0,BFP_CA,PRAXIS,N,
1562,UR,P_OKPCH,2027,2026,PR_REG_0,BFP_CM,PRAXIS,N,
1562,UR,P_OKPCH,2027,2026,PR_REG_0,BFP_CP,PRAXIS,N,
1562,UR,P_OKPCH,2027,2026,PR_REG_0,BFP_CPF,FLEX,N,
1562,UR,P_OKPCH,2027,2026,PR_REG_0,BFP_TEL,TEL_DIG,N,
1562,UR,P_OKPCH,2027,2026,PR_REG_0,PREMED,TEL_DIG,N,
1562,VD,P_OKPCH,2027,2026,PR_REG_1,BFP_BF,PRAXIS,N,
1562,VD,P_OKPCH,2027,2026,PR_REG_1,BFP_CA,PRAXIS,N,
1562,VD,P_OKPCH,2027,2026,PR_REG_1,BFP_CM,PRAXIS,N,
1562,VD,P_OKPCH,2027,2026,PR_REG_1,BFP_CP,PRAXIS,N,
1562,VD,P_OKPCH,2027,2026,PR_REG_1,BFP_CPF,FLEX,N,
1562,VD,P_OKPCH,2027,2026,PR_REG_1,BFP_TEL,TEL_DIG,N,
1562,VD,P_OKPCH,2027,2026,PR_REG_1,PREMED,TEL_DIG,N,
1562,VD,P_OKPCH,2027,2026,PR_REG_2,BFP_BF,PRAXIS,N,
1562,VD,P_OKPCH,2027,2026,PR_REG_2,BFP_CA,PRAXIS,N,
1562,VD,P_OKPCH,2027,2026,PR_REG_2,BFP_CM,PRAXIS,N,
1562,VD,P_OKPCH,2027,2026,PR_REG_2,BFP_CP,PRAXIS,N,
1562,VD,P_OKPCH,2027,2026,PR_REG_2,BFP_CPF,FLEX,N,
1562,VD,P_OKPCH,2027,2026,PR_REG_2,BFP_TEL,TEL_DIG,N,
1562,VD,P_OKPCH,2027,2026,PR_REG_2,PREMED,TEL_DIG,N,
1562,VS,P_OKPCH,2027,2026,PR_REG_1,BFP_BF,PRAXIS,N,
1562,VS,P_OKPCH,2027,2026,PR_REG_1,BFP_CA,PRAXIS,N,
1562,VS,P_OKPCH,2027,2026,PR_REG_1,BFP_CM,PRAXIS,N,
1562,VS,P_OKPCH,2027,2026,PR_REG_1,BFP_CP,PRAXIS,N,
1562,VS,P_OKPCH,2027,2026,PR_REG_1,BFP_CPF,FLEX,N,
1562,VS,P_OKPCH,2027,2026,PR_REG_1,BFP_TEL,TEL_DIG,N,
1562,VS,P_OKPCH,2027,2026,PR_REG_1,PREMED,TEL_DIG,N,
1562,VS,P_OKPCH,2027,2026,PR_REG_2,BFP_BF,PRAXIS,N,
1562,VS,P_OKPCH,2027,2026,PR_REG_2,BFP_CA,PRAXIS,N,
1562,VS,P_OKPCH,2027,2026,PR_REG_2,BFP_CM,PRAXIS,N,
1562,VS,P_OKPCH,2027,2026,PR_REG_2,BFP_CP,PRAXIS,N,
1562,VS,P_OKPCH,2027,2026,PR_REG_2,BFP_CPF,FLEX,N,
1562,VS,P_OKPCH,2027,2026,PR_REG_2,BFP_TEL,TEL_DIG,N,
1562,VS,P_OKPCH,2027,2026,PR_REG_2,PREMED,TEL_DIG,N,
1562,ZG,P_OKPCH,2027,2026,PR_REG_0,BFP_BF,PRAXIS,N,
1562,ZG,P_OKPCH,2027,2026,PR_REG_0,BFP_CA,PRAXIS,N,
1562,ZG,P_OKPCH,2027,2026,PR_REG_0,BFP_CM,PRAXIS,N,
1562,ZG,P_OKPCH,2027,2026,PR_REG_0,BFP_CP,PRAXIS,N,
1562,ZG,P_OKPCH,2027,2026,PR_REG_0,BFP_CPF,FLEX,N,
1562,ZG,P_OKPCH,2027,2026,PR_REG_0,BFP_TEL,TEL_DIG,N,
1562,ZG,P_OKPCH,2027,2026,PR_REG_0,PREMED,TEL_DIG,N,
1562,ZH,P_OKPCH,2027,2026,PR_REG_1,BFP_BF,PRAXIS,N,
1562,ZH,P_OKPCH,2027,2026,PR_REG_1,BFP_CA,PRAXIS,N,
1562,ZH,P_OKPCH,2027,2026,PR_REG_1,BFP_CM,PRAXIS,N,
1562,ZH,P_OKPCH,2027,2026,PR_REG_1,BFP_CP,PRAXIS,N,
1562,ZH,P_OKPCH,2027,2026,PR_REG_1,BFP_CPF,FLEX,N,
1562,ZH,P_OKPCH,2027,2026,PR_REG_1,BFP_TEL,TEL_DIG,N,
1562,ZH,P_OKPCH,2027,2026,PR_REG_1,PREMED,TEL_DIG,N,
1562,ZH,P_OKPCH,2027,2026,PR_REG_2,BFP_BF,PRAXIS,N,
1562,ZH,P_OKPCH,2027,2026,PR_REG_2,BFP_CA,PRAXIS,N,
1562,ZH,P_OKPCH,2027,2026,PR_REG_2,BFP_CM,PRAXIS,N,
1562,ZH,P_OKPCH,2027,2026,PR_REG_2,BFP_CP,PRAXIS,N,
1562,ZH,P_OKPCH,2027,2026,PR_REG_2,BFP_CPF,FLEX,N,
1562,ZH,P_OKPCH,2027,2026,PR_REG_2,BFP_TEL,TEL_DIG,N,
1562,ZH,P_OKPCH,2027,2026,PR_REG_2,PREMED,TEL_DIG,N,
1562,ZH,P_OKPCH,2027,2026,PR_REG_3,BFP_BF,PRAXIS,N,
1562,ZH,P_OKPCH,2027,2026,PR_REG_3,BFP_CA,PRAXIS,N,
1562,ZH,P_OKPCH,2027,2026,PR_REG_3,BFP_CM,PRAXIS,N,
1562,ZH,P_OKPCH,2027,2026,PR_REG_3,BFP_CP,PRAXIS,N,
1562,ZH,P_OKPCH,2027,2026,PR_REG_3,BFP_CPF,FLEX,N,
1562,ZH,P_OKPCH,2027,2026,PR_REG_3,BFP_TEL,TEL_DIG,N,
1562,ZH,P_OKPCH,2027,2026,PR_REG_3,PREMED,TEL_DIG,N,
1568,AG,P_OKPCH,2027,2026,PR_REG_0,COC,FLEX,N,
1568,AG,P_OKPCH,2027,2026,PR_REG_0,MCA,TEL_DIG,N,
1568,AG,P_OKPCH,2027,2026,PR_REG_0,MCMIT,PRAXIS,N,
1568,AG,P_OKPCH,2027,2026,PR_REG_0,MCOHNE,PRAXIS,N,
1568,AG,P_OKPCH,2027,2026,PR_REG_0,MD,PRAXIS,N,
1568,AG,P_OKPCH,2027,2026,PR_REG_0,TCA,TEL_DIG,N,
1568,AG,P_OKPCH,2027,2026,PR_REG_0,TDO,TEL_DIG,N,
1568,AI,P_OKPCH,2027,2026,PR_REG_0,COC,FLEX,N,
1568,AI,P_OKPCH,2027,2026,PR_REG_0,MCA,TEL_DIG,N,
1568,AI,P_OKPCH,2027,2026,PR_REG_0,MCMIT,PRAXIS,N,
1568,AI,P_OKPCH,2027,2026,PR_REG_0,MCOHNE,PRAXIS,N,
1568,AI,P_OKPCH,2027,2026,PR_REG_0,TDO,TEL_DIG,N,
1568,AR,P_OKPCH,2027,2026,PR_REG_0,COC,FLEX,N,
1568,AR,P_OKPCH,2027,2026,PR_REG_0,MCA,TEL_DIG,N,
1568,AR,P_OKPCH,2027,2026,PR_REG_0,MCMIT,PRAXIS,N,
1568,AR,P_OKPCH,2027,2026,PR_REG_0,MCOHNE,PRAXIS,N,
1568,AR,P_OKPCH,2027,2026,PR_REG_0,MD,PRAXIS,N,
1568,AR,P_OKPCH,2027,2026,PR_REG_0,TDO,TEL_DIG,N,
1568,BE,P_OKPCH,2027,2026,PR_REG_1,COC,FLEX,N,
1568,BE,P_OKPCH,2027,2026,PR_REG_1,MCA,TEL_DIG,N,
1568,BE,P_OKPCH,2027,2026,PR_REG_1,MCMIT,PRAXIS,N,
1568,BE,P_OKPCH,2027,2026,PR_REG_1,MCOHNE,PRAXIS,N,
1568,BE,P_OKPCH,2027,2026,PR_REG_1,TDO,TEL_DIG,N,
1568,BE,P_OKPCH,2027,2026,PR_REG_2,COC,FLEX,N,
1568,BE,P_OKPCH,2027,2026,PR_REG_2,MCA,TEL_DIG,N,
1568,BE,P_OKPCH,2027,2026,PR_REG_2,MCMIT,PRAXIS,N,
1568,BE,P_OKPCH,2027,2026,PR_REG_2,MCOHNE,PRAXIS,N,
1568,BE,P_OKPCH,2027,2026,PR_REG_2,TDO,TEL_DIG,N,
1568,BE,P_OKPCH,2027,2026,PR_REG_3,COC,FLEX,N,
1568,BE,P_OKPCH,2027,2026,PR_REG_3,MCA,TEL_DIG,N,
1568,BE,P_OKPCH,2027,2026,PR_REG_3,MCMIT,PRAXIS,N,
1568,BE,P_OKPCH,2027,2026,PR_REG_3,MCOHNE,PRAXIS,N,
1568,BE,P_OKPCH,2027,2026,PR_REG_3,TDO,TEL_DIG,N,
1568,BL,P_OKPCH,2027,2026,PR_REG_1,COC,FLEX,N,
1568,BL,P_OKPCH,2027,2026,PR_REG_1,MCA,TEL_DIG,N,
1568,BL,P_OKPCH,2027,2026,PR_REG_1,MCMIT,PRAXIS,N,
1568,BL,P_OKPCH,2027,2026,PR_REG_1,MCOHNE,PRAXIS,N,
1568,BL,P_OKPCH,2027,2026,PR_REG_1,TDO,TEL_DIG,N,
1568,BL,P_OKPCH,2027,2026,PR_REG_2,COC,FLEX,N,
1568,BL,P_OKPCH,2027,2026,PR_REG_2,MCA,TEL_DIG,N,
1568,BL,P_OKPCH,2027,2026,PR_REG_2,MCMIT,PRAXIS,N,
1568,BL,P_OKPCH,2027,2026,PR_REG_2,MCOHNE,PRAXIS,N,
1568,BL,P_OKPCH,2027,2026,PR_REG_2,TDO,TEL_DIG,N,
1568,BS,P_OKPCH,2027,2026,PR_REG_0,COC,FLEX,N,
1568,BS,P_OKPCH,2027,2026,PR_REG_0,MCA,TEL_DIG,N,
1568,BS,P_OKPCH,2027,2026,PR_REG_0,MCMIT,PRAXIS,N,
1568,BS,P_OKPCH,2027,2026,PR_REG_0,MCOHNE,PRAXIS,N,
1568,BS,P_OKPCH,2027,2026,PR_REG_0,MD,PRAXIS,N,
1568,BS,P_OKPCH,2027,2026,PR_REG_0,TDO,TEL_DIG,N,
1568,FR,P_OKPCH,2027,2026,PR_REG_1,COC,FLEX,N,
1568,FR,P_OKPCH,2027,2026,PR_REG_1,MCA,TEL_DIG,N,
1568,FR,P_OKPCH,2027,2026,PR_REG_1,MCMIT,PRAXIS,N,
1568,FR,P_OKPCH,2027,2026,PR_REG_1,MCOHNE,PRAXIS,N,
1568,FR,P_OKPCH,2027,2026,PR_REG_1,TCA,TEL_DIG,N,
1568,FR,P_OKPCH,2027,2026,PR_REG_1,TDO,TEL_DIG,N,
1568,FR,P_OKPCH,2027,2026,PR_REG_2,COC,FLEX,N,
1568,FR,P_OKPCH,2027,2026,PR_REG_2,MCA,TEL_DIG,N,
1568,FR,P_OKPCH,2027,2026,PR_REG_2,MCMIT,PRAXIS,N,
1568,FR,P_OKPCH,2027,2026,PR_REG_2,MCOHNE,PRAXIS,N,
1568,FR,P_OKPCH,2027,2026,PR_REG_2,TCA,TEL_DIG,N,
1568,FR,P_OKPCH,2027,2026,PR_REG_2,TDO,TEL_DIG,N,
1568,GE,P_OKPCH,2027,2026,PR_REG_0,COC,FLEX,N,
1568,GE,P_OKPCH,2027,2026,PR_REG_0,MCA,TEL_DIG,N,
1568,GE,P_OKPCH,2027,2026,PR_REG_0,MCMIT,PRAXIS,N,
1568,GE,P_OKPCH,2027,2026,PR_REG_0,MCOHNE,PRAXIS,N,
1568,GE,P_OKPCH,2027,2026,PR_REG_0,MD,PRAXIS,N,
1568,GE,P_OKPCH,2027,2026,PR_REG_0,TCA,TEL_DIG,N,
1568,GE,P_OKPCH,2027,2026,PR_REG_0,TDO,TEL_DIG,N,
1568,GL,P_OKPCH,2027,2026,PR_REG_0,COC,FLEX,N,
1568,GL,P_OKPCH,2027,2026,PR_REG_0,MCA,TEL_DIG,N,
1568,GL,P_OKPCH,2027,2026,PR_REG_0,MCMIT,PRAXIS,N,
1568,GL,P_OKPCH,2027,2026,PR_REG_0,MCOHNE,PRAXIS,N,
1568,GL,P_OKPCH,2027,2026,PR_REG_0,MD,PRAXIS,N,
1568,GL,P_OKPCH,2027,2026,PR_REG_0,TDO,TEL_DIG,N,
1568,GR,P_OKPCH,2027,2026,PR_REG_1,COC,FLEX,N,
1568,GR,P_OKPCH,2027,2026,PR_REG_1,MCA,TEL_DIG,N,
1568,GR,P_OKPCH,2027,2026,PR_REG_1,MCMIT,PRAXIS,N,
1568,GR,P_OKPCH,2027,2026,PR_REG_1,MCOHNE,PRAXIS,N,
1568,GR,P_OKPCH,2027,2026,PR_REG_1,MD,PRAXIS,N,
1568,GR,P_OKPCH,2027,2026,PR_REG_1,TDO,TEL_DIG,N,
1568,GR,P_OKPCH,2027,2026,PR_REG_1,VIVA,PRAXIS,Y,"3804,3805,3808,3810,3821,3822,3823,3831,3832,3834,3835,3837"
1568,GR,P_OKPCH,2027,2026,PR_REG_2,COC,FLEX,N,
1568,GR,P_OKPCH,2027,2026,PR_REG_2,MCA,TEL_DIG,N,
1568,GR,P_OKPCH,2027,2026,PR_REG_2,MCMIT,PRAXIS,N,
1568,GR,P_OKPCH,2027,2026,PR_REG_2,MCOHNE,PRAXIS,N,
1568,GR,P_OKPCH,2027,2026,PR_REG_2,MD,PRAXIS,N,
1568,GR,P_OKPCH,2027,2026,PR_REG_2,TDO,TEL_DIG,N,
1568,GR,P_OKPCH,2027,2026,PR_REG_3,COC,FLEX,N,
1568,GR,P_OKPCH,2027,2026,PR_REG_3,MCA,TEL_DIG,N,
1568,GR,P_OKPCH,2027,2026,PR_REG_3,MCMIT,PRAXIS,N,
1568,GR,P_OKPCH,2027,2026,PR_REG_3,MCOHNE,PRAXIS,N,
1568,GR,P_OKPCH,2027,2026,PR_REG_3,MD,PRAXIS,N,
1568,GR,P_OKPCH,2027,2026,PR_REG_3,TDO,TEL_DIG,N,
1568,JU,P_OKPCH,2027,2026,PR_REG_0,COC,FLEX,N,
1568,JU,P_OKPCH,2027,2026,PR_REG_0,MCA,TEL_DIG,N,
1568,JU,P_OKPCH,2027,2026,PR_REG_0,MCMIT,PRAXIS,N,
1568,JU,P_OKPCH,2027,2026,PR_REG_0,MCOHNE,PRAXIS,N,
1568,JU,P_OKPCH,2027,2026,PR_REG_0,TDO,TEL_DIG,N,
1568,LU,P_OKPCH,2027,2026,PR_REG_1,COC,FLEX,N,
1568,LU,P_OKPCH,2027,2026,PR_REG_1,MCA,TEL_DIG,N,
1568,LU,P_OKPCH,2027,2026,PR_REG_1,MCMIT,PRAXIS,N,
1568,LU,P_OKPCH,2027,2026,PR_REG_1,MCOHNE,PRAXIS,N,
1568,LU,P_OKPCH,2027,2026,PR_REG_1,MD,PRAXIS,N,
1568,LU,P_OKPCH,2027,2026,PR_REG_1,TCA,TEL_DIG,N,
1568,LU,P_OKPCH,2027,2026,PR_REG_1,TDO,TEL_DIG,N,
1568,LU,P_OKPCH,2027,2026,PR_REG_2,COC,FLEX,N,
1568,LU,P_OKPCH,2027,2026,PR_REG_2,MCA,TEL_DIG,N,
1568,LU,P_OKPCH,2027,2026,PR_REG_2,MCMIT,PRAXIS,N,
1568,LU,P_OKPCH,2027,2026,PR_REG_2,MCOHNE,PRAXIS,N,
1568,LU,P_OKPCH,2027,2026,PR_REG_2,MD,PRAXIS,N,
1568,LU,P_OKPCH,2027,2026,PR_REG_2,TCA,TEL_DIG,N,
1568,LU,P_OKPCH,2027,2026,PR_REG_2,TDO,TEL_DIG,N,
1568,LU,P_OKPCH,2027,2026,PR_REG_2,VIVA,PRAXIS,Y,"1084,1093,1094,1095,1098,1099,1102,1103"
1568,LU,P_OKPCH,2027,2026,PR_REG_3,COC,FLEX,N,
1568,LU,P_OKPCH,2027,2026,PR_REG_3,MCA,TEL_DIG,N,
1568,LU,P_OKPCH,2027,2026,PR_REG_3,MCMIT,PRAXIS,N,
1568,LU,P_OKPCH,2027,2026,PR_REG_3,MCOHNE,PRAXIS,N,
1568,LU,P_OKPCH,2027,2026,PR_REG_3,MD,PRAXIS,N,
1568,LU,P_OKPCH,2027,2026,PR_REG_3,TCA,TEL_DIG,N,
1568,LU,P_OKPCH,2027,2026,PR_REG_3,TDO,TEL_DIG,N,
1568,LU,P_OKPCH,2027,2026,PR_REG_3,VIVA,PRAXIS,Y,"1081,1082,1083,1085,1086,1088,1089,1091,1097,1100,1104,1121,1122,1123,1125,1127,1128,1131,1136,1137,1139,1140,1142,1143,1146,1147,1150,1151"
1568,NE,P_OKPCH,2027,2026,PR_REG_0,COC,FLEX,N,
1568,NE,P_OKPCH,2027,2026,PR_REG_0,MCA,TEL_DIG,N,
1568,NE,P_OKPCH,2027,2026,PR_REG_0,MCMIT,PRAXIS,N,
1568,NE,P_OKPCH,2027,2026,PR_REG_0,MCOHNE,PRAXIS,N,
1568,NE,P_OKPCH,2027,2026,PR_REG_0,TDO,TEL_DIG,N,
1568,NW,P_OKPCH,2027,2026,PR_REG_0,COC,FLEX,N,
1568,NW,P_OKPCH,2027,2026,PR_REG_0,MCA,TEL_DIG,N,
1568,NW,P_OKPCH,2027,2026,PR_REG_0,MCMIT,PRAXIS,N,
1568,NW,P_OKPCH,2027,2026,PR_REG_0,MCOHNE,PRAXIS,N,
1568,NW,P_OKPCH,2027,2026,PR_REG_0,MD,PRAXIS,N,
1568,NW,P_OKPCH,2027,2026,PR_REG_0,TDO,TEL_DIG,N,
1568,OW,P_OKPCH,2027,2026,PR_REG_0,COC,FLEX,N,
1568,OW,P_OKPCH,2027,2026,PR_REG_0,MCA,TEL_DIG,N,
1568,OW,P_OKPCH,2027,2026,PR_REG_0,MCMIT,PRAXIS,N,
1568,OW,P_OKPCH,2027,2026,PR_REG_0,MCOHNE,PRAXIS,N,
1568,OW,P_OKPCH,2027,2026,PR_REG_0,TDO,TEL_DIG,N,
1568,SG,P_OKPCH,2027,2026,PR_REG_1,COC,FLEX,N,
1568,SG,P_OKPCH,2027,2026,PR_REG_1,MCA,TEL_DIG,N,
1568,SG,P_OKPCH,2027,2026,PR_REG_1,MCMIT,PRAXIS,N,
1568,SG,P_OKPCH,2027,2026,PR_REG_1,MCOHNE,PRAXIS,N,
1568,SG,P_OKPCH,2027,2026,PR_REG_1,MD,PRAXIS,N,
1568,SG,P_OKPCH,2027,2026,PR_REG_1,TCA,TEL_DIG,N,
1568,SG,P_OKPCH,2027,2026,PR_REG_1,TDO,TEL_DIG,N,
1568,SG,P_OKPCH,2027,2026,PR_REG_2,COC,FLEX,N,
1568,SG,P_OKPCH,2027,2026,PR_REG_2,MCA,TEL_DIG,N,
1568,SG,P_OKPCH,2027,2026,PR_REG_2,MCMIT,PRAXIS,N,
1568,SG,P_OKPCH,2027,2026,PR_REG_2,MCOHNE,PRAXIS,N,
1568,SG,P_OKPCH,2027,2026,PR_REG_2,MD,PRAXIS,N,
1568,SG,P_OKPCH,2027,2026,PR_REG_2,TCA,TEL_DIG,N,
1568,SG,P_OKPCH,2027,2026,PR_REG_2,TDO,TEL_DIG,N,
1568,SG,P_OKPCH,2027,2026,PR_REG_3,COC,FLEX,N,
1568,SG,P_OKPCH,2027,2026,PR_REG_3,MCA,TEL_DIG,N,
1568,SG,P_OKPCH,2027,2026,PR_REG_3,MCMIT,PRAXIS,N,
1568,SG,P_OKPCH,2027,2026,PR_REG_3,MCOHNE,PRAXIS,N,
1568,SG,P_OKPCH,2027,2026,PR_REG_3,MD,PRAXIS,N,
1568,SG,P_OKPCH,2027,2026,PR_REG_3,TCA,TEL_DIG,N,
1568,SG,P_OKPCH,2027,2026,PR_REG_3,TDO,TEL_DIG,N,
1568,SH,P_OKPCH,2027,2026,PR_REG_1,COC,FLEX,N,
1568,SH,P_OKPCH,2027,2026,PR_REG_1,MCA,TEL_DIG,N,
1568,SH,P_OKPCH,2027,2026,PR_REG_1,MCMIT,PRAXIS,N,
1568,SH,P_OKPCH,2027,2026,PR_REG_1,MCOHNE,PRAXIS,N,
1568,SH,P_OKPCH,2027,2026,PR_REG_1,TDO,TEL_DIG,N,
1568,SH,P_OKPCH,2027,2026,PR_REG_2,COC,FLEX,N,
1568,SH,P_OKPCH,2027,2026,PR_REG_2,MCA,TEL_DIG,N,
1568,SH,P_OKPCH,2027,2026,PR_REG_2,MCMIT,PRAXIS,N,
1568,SH,P_OKPCH,2027,2026,PR_REG_2,MCOHNE,PRAXIS,N,
1568,SH,P_OKPCH,2027,2026,PR_REG_2,TDO,TEL_DIG,N,
1568,SO,P_OKPCH,2027,2026,PR_REG_0,COC,FLEX,N,
1568,SO,P_OKPCH,2027,2026,PR_REG_0,MCA,TEL_DIG,N,
1568,SO,P_OKPCH,2027,2026,PR_REG_0,MCMIT,PRAXIS,N,
1568,SO,P_OKPCH,2027,2026,PR_REG_0,MCOHNE,PRAXIS,N,
1568,SO,P_OKPCH,2027,2026,PR_REG_0,MD,PRAXIS,N,
1568,SO,P_OKPCH,2027,2026,PR_REG_0,TDO,TEL_DIG,N,
1568,SZ,P_OKPCH,2027,2026,PR_REG_0,COC,FLEX,N,
1568,SZ,P_OKPCH,2027,2026,PR_REG_0,MCA,TEL_DIG,N,
1568,SZ,P_OKPCH,2027,2026,PR_REG_0,MCMIT,PRAXIS,N,
1568,SZ,P_OKPCH,2027,2026,PR_REG_0,MCOHNE,PRAXIS,N,
1568,SZ,P_OKPCH,2027,2026,PR_REG_0,MD,PRAXIS,N,
1568,SZ,P_OKPCH,2027,2026,PR_REG_0,TDO,TEL_DIG,N,
1568,TG,P_OKPCH,2027,2026,PR_REG_0,COC,FLEX,N,
1568,TG,P_OKPCH,2027,2026,PR_REG_0,MCA,TEL_DIG,N,
1568,TG,P_OKPCH,2027,2026,PR_REG_0,MCMIT,PRAXIS,N,
1568,TG,P_OKPCH,2027,2026,PR_REG_0,MCOHNE,PRAXIS,N,
1568,TG,P_OKPCH,2027,2026,PR_REG_0,MD,PRAXIS,N,
1568,TG,P_OKPCH,2027,2026,PR_REG_0,TDO,TEL_DIG,N,
1568,TI,P_OKPCH,2027,2026,PR_REG_1,COC,FLEX,N,
1568,TI,P_OKPCH,2027,2026,PR_REG_1,MCA,TEL_DIG,N,
1568,TI,P_OKPCH,2027,2026,PR_REG_1,MCMIT,PRAXIS,N,
1568,TI,P_OKPCH,2027,2026,PR_REG_1,MCOHNE,PRAXIS,N,
1568,TI,P_OKPCH,2027,2026,PR_REG_1,MD,PRAXIS,N,
1568,TI,P_OKPCH,2027,2026,PR_REG_1,TCA,TEL_DIG,N,
1568,TI,P_OKPCH,2027,2026,PR_REG_1,TDO,TEL_DIG,N,
1568,TI,P_OKPCH,2027,2026,PR_REG_1,VIVA,PRAXIS,N,
1568,TI,P_OKPCH,2027,2026,PR_REG_2,COC,FLEX,N,
1568,TI,P_OKPCH,2027,2026,PR_REG_2,MCA,TEL_DIG,N,
1568,TI,P_OKPCH,2027,2026,PR_REG_2,MCMIT,PRAXIS,N,
1568,TI,P_OKPCH,2027,2026,PR_REG_2,MCOHNE,PRAXIS,N,
1568,TI,P_OKPCH,2027,2026,PR_REG_2,MD,PRAXIS,N,
1568,TI,P_OKPCH,2027,2026,PR_REG_2,TCA,TEL_DIG,N,
1568,TI,P_OKPCH,2027,2026,PR_REG_2,TDO,TEL_DIG,N,
1568,TI,P_OKPCH,2027,2026,PR_REG_2,VIVA,PRAXIS,N,
1568,UR,P_OKPCH,2027,2026,PR_REG_0,COC,FLEX,N,
1568,UR,P_OKPCH,2027,2026,PR_REG_0,MCA,TEL_DIG,N,
1568,UR,P_OKPCH,2027,2026,PR_REG_0,MCMIT,PRAXIS,N,
1568,UR,P_OKPCH,2027,2026,PR_REG_0,MCOHNE,PRAXIS,N,
1568,UR,P_OKPCH,2027,2026,PR_REG_0,TDO,TEL_DIG,N,
1568,VD,P_OKPCH,2027,2026,PR_REG_1,COC,FLEX,N,
1568,VD,P_OKPCH,2027,2026,PR_REG_1,MCA,TEL_DIG,N,
1568,VD,P_OKPCH,2027,2026,PR_REG_1,MCMIT,PRAXIS,N,
1568,VD,P_OKPCH,2027,2026,PR_REG_1,MCOHNE,PRAXIS,N,
1568,VD,P_OKPCH,2027,2026,PR_REG_1,MD,PRAXIS,N,
1568,VD,P_OKPCH,2027,2026,PR_REG_1,TDO,TEL_DIG,N,
1568,VD,P_OKPCH,2027,2026,PR_REG_2,COC,FLEX,N,
1568,VD,P_OKPCH,2027,2026,PR_REG_2,MCA,TEL_DIG,N,
1568,VD,P_OKPCH,2027,2026,PR_REG_2,MCMIT,PRAXIS,N,
1568,VD,P_OKPCH,2027,2026,PR_REG_2,MCOHNE,PRAXIS,N,
1568,VD,P_OKPCH,2027,2026,PR_REG_2,MD,PRAXIS,N,
1568,VD,P_OKPCH,2027,2026,PR_REG_2,TDO,TEL_DIG,N,
1568,VS,P_OKPCH,2027,2026,PR_REG_1,COC,FLEX,N,
1568,VS,P_OKPCH,2027,2026,PR_REG_1,MCA,TEL_DIG,N,
1568,VS,P_OKPCH,2027,2026,PR_REG_1,MCMIT,PRAXIS,N,
1568,VS,P_OKPCH,2027,2026,PR_REG_1,MCOHNE,PRAXIS,N,
1568,VS,P_OKPCH,2027,2026,PR_REG_1,MD,PRAXIS,N,
1568,VS,P_OKPCH,2027,2026,PR_REG_1,TCA,TEL_DIG,N,
1568,VS,P_OKPCH,2027,2026,PR_REG_1,TDO,TEL_DIG,N,
1568,VS,P_OKPCH,2027,2026,PR_REG_2,COC,FLEX,N,
1568,VS,P_OKPCH,2027,2026,PR_REG_2,MCA,TEL_DIG,N,
1568,VS,P_OKPCH,2027,2026,PR_REG_2,MCMIT,PRAXIS,N,
1568,VS,P_OKPCH,2027,2026,PR_REG_2,MCOHNE,PRAXIS,N,
1568,VS,P_OKPCH,2027,2026,PR_REG_2,MD,PRAXIS,N,
1568,VS,P_OKPCH,2027,2026,PR_REG_2,TCA,TEL_DIG,N,
1568,VS,P_OKPCH,2027,2026,PR_REG_2,TDO,TEL_DIG,N,
1568,ZG,P_OKPCH,2027,2026,PR_REG_0,COC,FLEX,N,
1568,ZG,P_OKPCH,2027,2026,PR_REG_0,MCA,TEL_DIG,N,
1568,ZG,P_OKPCH,2027,2026,PR_REG_0,MCMIT,PRAXIS,N,
1568,ZG,P_OKPCH,2027,2026,PR_REG_0,MCOHNE,PRAXIS,N,
1568,ZG,P_OKPCH,2027,2026,PR_REG_0,TCA,TEL_DIG,N,
1568,ZG,P_OKPCH,2027,2026,PR_REG_0,TDO,TEL_DIG,N,
1568,ZH,P_OKPCH,2027,2026,PR_REG_1,COC,FLEX,N,
1568,ZH,P_OKPCH,2027,2026,PR_REG_1,MCA,TEL_DIG,N,
1568,ZH,P_OKPCH,2027,2026,PR_REG_1,MCMIT,PRAXIS,N,
1568,ZH,P_OKPCH,2027,2026,PR_REG_1,MCOHNE,PRAXIS,N,
1568,ZH,P_OKPCH,2027,2026,PR_REG_1,MD,PRAXIS,N,
1568,ZH,P_OKPCH,2027,2026,PR_REG_1,TDO,TEL_DIG,N,
1568,ZH,P_OKPCH,2027,2026,PR_REG_2,COC,FLEX,N,
1568,ZH,P_OKPCH,2027,2026,PR_REG_2,MCA,TEL_DIG,N,
1568,ZH,P_OKPCH,2027,2026,PR_REG_2,MCMIT,PRAXIS,N,
1568,ZH,P_OKPCH,2027,2026,PR_REG_2,MCOHNE,PRAXIS,N,
1568,ZH,P_OKPCH,2027,2026,PR_REG_2,MD,PRAXIS,N,
1568,ZH,P_OKPCH,2027,2026,PR_REG_2,TDO,TEL_DIG,N,
1568,ZH,P_OKPCH,2027,2026,PR_REG_3,COC,FLEX,N,
1568,ZH,P_OKPCH,2027,2026,PR_REG_3,MCA,TEL_DIG,N,
1568,ZH,P_OKPCH,2027,2026,PR_REG_3,MCMIT,PRAXIS,N,
1568,ZH,P_OKPCH,2027,2026,PR_REG_3,MCOHNE,PRAXIS,N,
1568,ZH,P_OKPCH,2027,2026,PR_REG_3,MD,PRAXIS,N,
1568,ZH,P_OKPCH,2027,2026,PR_REG_3,TDO,TEL_DIG,N,
